FinancialRatioDates;FundamentalsQuarter
20041130;2004Q4
20050228;2005Q1
20050531;2005Q2
20050831;2005Q3
20051130;2005Q4
20060228;2006Q1
20060531;2006Q2
20060831;2006Q3
20061130;2006Q4
20070228;2007Q1
20070531;2007Q2
20070831;2007Q3
20071130;2007Q4
20080229;2008Q1
20080531;2008Q2
20080831;2008Q3
20081130;2008Q4
20090228;2009Q1
20090531;2009Q2
20090831;2009Q3
20091130;2009Q4
20100228;2010Q1
20100531;2010Q2
20100831;2010Q3
20101130;2010Q4
20110228;2011Q1
20110531;2011Q2
20110831;2011Q3
20111130;2011Q4
20120229;2012Q1
20120531;2012Q2
20120831;2012Q3
20121130;2012Q4
20130228;2013Q1
20130531;2013Q2
20130831;2013Q3
20131130;2013Q4
20140228;2014Q1
20140531;2014Q2
20140831;2014Q3
20141130;2014Q4
20150228;2015Q1
20150531;2015Q2
20150831;2015Q3
20151130;2015Q4
20160229;2016Q1
20160531;2016Q2
20160831;2016Q3
20161130;2016Q4
20170228;2017Q1
20170531;2017Q2
20170831;2017Q3
20171130;2017Q4
20180228;2018Q1
20180531;2018Q2
20180831;2018Q3
20181130;2018Q4