,Date,10107,14593,84788,14542,22111,47896,13407,90319,11850,55976,21936,59408,92655,65875,92611,18163,38703,59328,14541,66093,11308,22752,76076,66181,91233,19561,26403,10104,13856,89525,13721,43449,70519,20482,14008,16851,50876,60097,89393,22592,75510,90215,92602,93002,12490,48725,15488,10145,57665,13901,17830,15579,62092,89071,87055,18143,19393,17005,24205,86580,59176,77274,77702,86783,18542,21178,61399,66157,64186,49680,13928,86111,77178,69032,89179,87447,12060,12308,19502,89626,86868,87267,27959,39642,76841,79057,73139,89006,44644,75186,40539,88352,60442,15408,62148,80100,18729,78975,90441,75825
0,20060228.0,-0.23263488184039274,0.8270333185947202,2.246120059580698,,-0.9065111663071632,0.05700220678131029,,0.49759621117544306,-0.7883575284674035,-0.7544382261404678,-0.46587217712416834,-0.7975790688452383,-0.5910816960412796,-0.44409297395658587,,-1.1008420331564515,-1.074666935605821,0.8388579219466229,-0.8790959467832468,-0.2827587569852787,-0.9705628079218791,-0.3000200962155706,1.0852898703958405,-0.053748854695738334,,-0.19756727892030032,-0.003648585850427596,1.11595383226224,-0.9297069322579419,-0.4854637498595128,,-0.45766051186027157,-0.3009315286155086,-0.5219030869547623,0.07967040878597384,,-0.5987744566039108,-0.6658976739458379,3.0479859467339434,-0.8464816470210799,1.1978831347489043,1.511369942947749,,,-0.44025414645251276,-0.785030425979492,,0.12701676208991255,-0.42566991892502654,-0.44534761985452975,-0.2769297320024731,1.2044338002249337,-0.30880521872273897,0.5360826402655708,-0.2399780963487338,,-0.3826633860430573,-0.14375075204843418,-1.0019345490170821,2.621763064697436,-0.21111302278592742,1.0157225928363198,-0.05173130659009473,3.6360357324425534,-0.32623627366559377,-0.5847730187818687,-0.07963962691306496,-0.5186401693642188,0.15026632067604695,-0.5494492148644678,-0.6277551705668949,3.0884741699724114,1.1614225058886056,0.2723136101288322,-0.250184800520872,-1.2033796051017895,-0.3422037953598586,,-0.6613944914032626,0.10554671168950515,-0.32976691892665666,-0.4128251093918151,-0.07411574097609058,-0.6487708131462898,1.3932163990621187,0.16148537482181946,-0.5073961425375882,-0.9101916865768503,-0.4163648947233989,0.9892780901941236,-0.304774027152249,2.31960928984469,-0.617564607090526,,-0.2583165256343122,-1.1027668725068944,-0.9219820311889869,0.8693311375460404,-1.128843533332213,-0.01591920986226825
1,20060531.0,-0.24665600234023252,0.8819095629980367,2.098154899445916,,-0.9067321437023761,0.03482810481520514,,0.5982006982571239,-0.7625086548738478,-0.7717178450641583,-0.45263210087023914,-0.8685867648101825,-0.5328886005647584,-0.4292034192232773,,-1.1676944733347996,-1.1791779969569518,0.7193078176291238,-0.8412950064913097,-0.27859173772735263,-1.0105133332840974,-0.2502983568149972,0.9100528667689363,-0.034416820165737314,0.5729416762573352,-0.15206004691188307,0.01933278576359744,0.8767736991795578,-0.9387851229383647,-0.44177028632009263,,-0.41086546808298535,-0.32632646001785337,-0.4906310355250858,0.04785755404482174,,-0.5477482173462254,-0.7570240961682272,3.274619069685021,-0.8745943084277648,1.1120640381742102,1.6407959403593912,,,-0.5183313647090161,-0.7758718812354541,,0.14516995651754278,-0.5404458050664873,-0.44305381917820547,-0.24548659991936148,1.176062614734816,-0.38198125591502446,0.6407002585845433,-0.25083719698860507,,-0.328827239361,-0.08067368724954554,-1.0039546315933543,2.760395193224705,-0.2770391889600479,0.8996791088829019,-0.026911045357961617,3.518845252209418,-0.2975252076246072,-0.5693537505651943,-0.09526449142907129,-0.5905769596528373,0.2693836607790792,-0.5606424373297745,-0.5594477124265814,3.253761275300083,0.95231982697142,0.15089375094906277,-0.17220895264439434,-1.2413279742380927,-0.38711666136475337,,-0.6207323467621251,0.19916923222604202,-0.4003364454034643,-0.42925296739227536,-0.024880513719694058,-0.6639744330118125,1.3098811968835378,0.22663516923154636,-0.47207686403404664,-0.8845918206349203,-0.39578347159822896,0.9618165699062446,-0.29269767093916005,2.362329111842565,-0.6332103101940979,,-0.24982179581538233,-1.052987136674003,-0.9367333595113542,0.5427535798150129,-1.1634929233798574,0.08353374840576874
2,20060831.0,-0.255931559156283,0.8592197875286818,2.07079694783285,,-0.9306370985670089,0.0719299086847038,,0.5339013529707535,-0.7292814783526328,-0.7847445961054585,-0.4580616304748581,-0.8732417638211164,-0.49999858878448245,-0.41222375849014614,,-1.1642429615742593,-1.1799548673643367,0.7311517077049849,-0.8157523227173914,-0.2735729774829228,-1.0289828466172208,-0.23235188132342732,0.8413040108161564,-0.01626584142642358,0.1970557032625161,-0.10587102723878819,0.054143447825484636,0.7774568492430427,-0.9547575013490923,-0.4322894243694115,,-0.3669895043978651,-0.3173790406732294,-0.4843597506392509,0.02293378995090321,,-0.5264421648982835,-0.7260203749215466,3.3478706077903104,-0.840770563987897,1.1395850780409986,1.8296513961622554,,,-0.5149539143088936,-0.7462940574630039,,0.1128327516034653,-0.571864810101118,-0.4474197522243903,-0.22317967271022096,1.1252931386651595,-0.4145855294061809,0.6586582532249137,-0.25592007261065325,,-0.27391246322670976,-0.20500329611941878,-1.0138297424853735,2.915955951454587,-0.27549503776129025,0.811169757562028,0.0010881807155079216,3.4670397089260727,-0.2811363562329054,-0.5563093338609778,-0.09443173771059764,-0.5982208081320913,0.3598206285184471,-0.5855954727529179,-0.5204393754920885,3.353064163310698,0.9130887545035227,0.11994110748815928,-0.17201139969494944,-1.1417961134193166,-0.4066989919000705,,-0.6486164348824581,0.22523961495013478,-0.39593915732910534,-0.4316182284746696,-0.03995342109114565,-0.650723336966314,1.2521423912586682,0.26824468060445666,-0.41708173698601037,-0.8615558496898618,-0.38656432895340936,0.9900475633245773,-0.2634716294548246,2.2632774479415376,-0.6079452824048238,,-0.22402452636525028,-1.0247586455516104,-0.9397628000216712,0.3402065189102472,-1.1574483886795783,0.10457402842141862
3,20061130.0,-0.30137391433771915,0.9067681344327245,1.664536511589166,,-0.9060722447109113,0.09491339071852387,,0.5847639893104671,-0.7099282864801176,-0.7722457926547651,-0.40893566779806817,-0.9421188403119526,-0.40629400978537983,-0.3602134105054901,,-1.2027546230329802,-1.1852054639441176,0.712885224070411,-0.7981460609036469,-0.24059711181176058,-1.0232322737646753,-0.16111217986091195,0.736369480991837,-0.09370032128647521,1.066849296914946,-0.27662754038309323,-0.03646372938719579,0.7554752056712757,-0.9170381539846597,-0.3857832174895461,,-0.3224821672696823,-0.3271213361305094,-0.4393715858599935,0.046374647323562446,,-0.48959150072716895,-0.6937096084146609,3.526687608181698,-0.8699109018619096,1.1058149654295677,1.8962082726972682,,,-0.4848635679023946,-0.7568235816064195,,-0.03280973126451018,-0.5596549862730177,-0.37997871576618125,-0.5339294438325282,1.0876671612211974,-0.4325473153243982,0.6588164436298416,-0.257069763029945,,-0.23729725652673445,-0.2522102287129112,-0.9841833032560154,2.9809547142956174,-0.38337318315443647,0.857966660721644,-0.03159666892947078,3.2875407000652546,-0.2005603150080268,-0.6154750324958235,-0.1740896070139733,-0.7872445700952654,0.4267949712199241,-0.6054398038394073,-0.48948534364184215,3.305270500480215,0.8759414827894357,0.052267370219829704,-0.12071576289596589,-1.1365412262581225,-0.4968152245173169,,-0.5707381164086873,0.3082305085483078,-0.39650308871693707,-0.4163862654365381,-0.00418589149737865,-0.6877959717682968,1.3303770212118402,-0.002888404541104217,-0.36071566830851065,-0.8301787011635084,-0.38223694063467806,0.9468507854926329,-0.2395417261043909,2.303921525855968,-0.6165411784588102,,-0.279610778382053,-0.9977061631457532,-0.914136375447534,0.36951690117162694,-1.112285078904677,0.14442144870612547
4,20070228.0,-0.29331118172260734,0.9378993041536053,1.3933989741666126,,-0.9096335584536174,0.05465662176420657,,0.582258908835604,-0.6880086795562437,-0.775473759187301,-0.3478315507308396,-1.0010417317068643,-0.3501367918200601,-0.3475405711000013,,-1.2265124176377664,-1.2022096028578806,0.728996532973582,-0.7677303529872281,-0.2179134066890868,-1.0475917155727756,-0.14368364630926841,0.7057116485104704,-0.07673875882473606,1.068875576039792,-0.25731939842476265,-0.0928752839049562,0.7390678527046618,-0.9194731638691624,-0.36553248567478225,,-0.3177593576227503,-0.3331083166536504,-0.40616324981501234,0.03090972664503275,,-0.4663643352977924,-0.6879852833794423,3.6226411663873463,-0.8838381980508079,1.106828818615592,1.9086228282686324,,,-0.503506307508782,-0.7198064985551603,,-0.0735492398481549,-0.5775126003436042,-0.34588926186297625,-0.5563684941803483,1.0807506851855258,-0.4326510287024659,0.5775241381741714,-0.24642865839136868,,-0.2153448996654528,-0.2495432184575031,-0.9899971223288622,3.0921221314863683,-0.42941317605951773,0.8988214620897087,-0.07961297353105566,3.2646008362035337,-0.19412684172571293,-0.616846071168558,-0.1515078769039772,-0.8385206078366143,0.49193585762439895,-0.6573003860755886,-0.43342946944698624,3.1819108804864698,0.8060457825149745,0.010361103480121323,-0.11211638579180097,-1.130323020266703,-0.5219142459314629,,-0.5648760630295162,0.3474320375984666,-0.40212166785110326,-0.3905742735953265,-0.004201896747790174,-0.6834808888119677,1.335095377109899,-0.00471586384121336,-0.35812829109809907,-0.8257806306120546,-0.38109069223770703,0.9062913700911165,-0.23701340601553644,2.42079073326736,-0.6657239380954995,,-0.21491713620363867,-0.9378526053283227,-0.9119771810440549,0.368162957971616,-1.0718998474122037,0.1941262520072243
5,20070531.0,-0.38942109451533957,0.965176402711739,1.5001231417293668,,-0.8984244425988721,0.03508456065891811,,0.5694829972761181,-0.6641731023349197,-0.7840091107443005,-0.3431191164320675,-0.9913897014250734,-0.29691974992243664,-0.3774288695371739,,-1.2380777800732121,-1.19150765493652,0.7033499445518608,-0.7374986932918485,-0.24529175894832747,-1.0521705796211047,-0.0798129227840789,0.4875820077054121,-0.06641896737011806,1.0143979719391147,-0.28034073494081596,-0.09308158164440974,0.5808666329202997,-0.9037825356280882,-0.3365417469570427,,-0.28128835460415913,-0.32147485502433937,-0.40343131145589345,0.04325662595524005,,-0.4574686176383176,-0.6679589014709654,3.7400937884090184,-0.8886696681194357,1.074846589659575,1.9686002956964375,,,-0.5921293584893909,-0.7075463027626099,,-0.04585663861425893,-0.5996015266111752,-0.29956183620440713,-0.5690174355662314,1.0967816610486827,-0.4059970097767872,0.44535836973782633,-0.22337401792993658,,-0.3828629549636184,-0.2424968451549832,-0.9602459043739793,3.1166105309582854,-0.4291255976939686,0.8133886518547767,-0.045061927122722924,3.236990158623303,-0.17181418658718406,-0.6022506472981601,-0.11426816202969581,-0.8510065870783464,0.5619046166684238,-0.6580054657748536,-0.3800823739177583,3.0689688879026007,0.6082688057366398,0.005980952589764836,-0.13306892420027794,-1.1074084551797263,-0.6066660080233192,,-0.5339190570185752,0.40481860056043023,-0.3998862789941012,-0.40432538720015115,0.03597526790271074,-0.6696745860521093,1.3158603572069945,-0.03266768408601879,-0.3356348397295269,-0.832938739153311,-0.3596545989291162,0.9044500652253666,-0.2205886540474127,2.57913429697302,-0.6403429841522762,,-0.168192170400093,-0.8338538895544034,-0.9291439060877081,0.3976491186801584,-1.042990932087135,0.24596242398209103
6,20070831.0,-0.4671259387050594,1.0566508993567458,1.621461487744884,,-1.0886464322084022,-0.2636126606053668,,0.6573073063963553,-0.6573718603218776,-0.7802451266069497,-0.45622182110293563,-0.9748055813124753,-0.22820176843575926,-0.5058557832871958,,-1.2637144977480852,-1.0861122918530919,0.494951772626182,-0.6713271207304684,-0.25490108375310744,-1.0657699931378288,-0.04642585855272567,0.41201810010618384,-0.143101982968756,1.4265406129003366,-0.24259671791166404,-0.15257447974944405,0.43447779762051125,-1.0260272674776565,-0.18572041110263784,,-0.22448919386407507,-0.5492224794689764,-0.6038911585551376,-0.2160061259375767,,-0.491415645011732,-0.7304695789424539,3.924801743003202,-0.86802291931817,0.8387965153380477,2.1815574825703736,,,-0.5939934683028595,-0.5459769323412597,,-0.0626791044163402,-0.5325657423830348,-0.25862601492366794,-0.5853710528955506,1.0910193281118505,-0.3718739200133336,0.389805492586673,-0.21600354740576588,,-0.40473412703557315,-0.20426920953928443,-0.8856802072975016,2.914693928057517,-0.4611122452277385,0.6826225497815197,-0.040046327458391394,3.2790565787751738,-0.07781268710450716,-0.5759611498492077,-0.1867318994293672,-0.8078556346082305,0.7318106016516474,-0.6173661822789501,-0.28399397905549806,2.482854832966724,0.5624500491546428,0.08342285114464128,-0.21084831504699925,-1.0842761134089343,-0.6908486145414097,,-0.49261386231189225,0.5638663235683491,-0.28055405191346283,-0.2346527269560716,-0.1286275408635105,-0.7000362987903488,1.215602095812603,-0.04971584946106197,-0.28486162979053226,-0.7466450566348312,-0.5558355420942706,0.9554504440574622,-0.1899303011308882,2.8522499681128575,-0.6855484194766845,,0.015119879473425657,-0.5949928864862739,-0.9215941871452831,0.40214119618951777,-0.8511990553345028,0.3885798245152082
7,20071130.0,-0.44641277655428524,1.3353496360522088,1.8520748361759913,,-1.1306052197358731,-0.3702386993446917,,0.8485770774582988,-0.6179368663575328,-0.7764802040423169,-0.43514694941634563,-0.9981916050794333,-0.21230567351752713,-0.5966970436281378,,-1.240339237979023,-0.9361578508626975,0.3243371407666946,-0.6047579859247069,-0.3736308553241282,-1.1151536231819226,0.03545080737010288,0.3112789472305872,-0.22891490991566965,1.976876685557701,-0.3186489111311652,-0.20989599714558052,0.3841830155805253,-1.1587865218523759,-0.028834953574820976,,-0.2652152452905312,-0.605350613764698,-0.5904841816678139,-0.2163352235134593,,-0.5166794496639842,-0.5697315924789526,3.6465793718691493,-0.8003304074921532,0.7387822517198128,2.5248324196338667,,,-0.7846218280652774,-0.4599558345326947,,-0.3071937070065428,-0.5125096157145185,-0.4380646322951668,-0.7146605126157063,0.8223818291074091,-0.36614643484168524,0.32537653108797765,-0.20736880312581688,,-0.42896007174770545,-0.17794288319987392,-0.9223751113606304,2.924066728132582,-0.5264345839491736,0.7540394142039529,0.04910685551028453,3.353322638785879,-0.01903151622634551,-0.6313759474200408,-0.10130874703038158,-0.8436801944655736,0.33018296591124,-0.6144639879741568,-0.16949575005822023,1.1316898881662145,0.5687562362404349,0.14482370641872777,-0.220869015330177,-1.0326859244185125,-0.8686277788699405,,-0.4224947170964293,0.7478801129202093,-0.13213113295305143,-0.03916695934576381,-0.3041266256867215,-0.6313616651765098,1.3856433852063823,-0.11634278774259275,-0.18606241499121898,-0.7029493398267666,-0.6372295417683601,0.877815737351652,-0.11901724135268966,3.103809024259864,-0.737065346533733,,0.05440482055267112,-0.36112980466200684,-0.8914445425369886,0.5269225877090187,-0.6176147321314908,0.5306276795128633
8,20080229.0,-0.47048554148696936,1.4384342551017242,1.8839001217156923,,-1.2223613263962,-0.3323452808345247,,0.900704895318392,-0.6096163732706089,-0.7912684292478562,-0.45994954472615635,-0.8395839454639499,-0.23984190804206373,-0.6705994762822112,,-1.2520108225496354,-0.6836561380304778,0.3743737936588175,-0.5747865815618034,-0.4625076525672305,-1.137632425198269,0.05915100795822061,0.25630859769636805,-0.24003989041715723,1.9972764120362263,-0.3035213399765815,-0.3054339888390975,0.26071340957759587,-1.1829630313127901,-0.11067605421389527,,-0.29649083284550276,-0.473193653625462,-0.6766691757197848,-0.23738461662646268,,-0.5276575147708067,-0.5873897390538598,3.583162475777461,-0.7875568286437172,0.6901777272772266,2.612409953021047,,,-0.7702036983361374,-0.4050652441420431,,-0.40475047294961686,-0.5557277471440877,-0.4634152140218037,-0.7325643459138208,0.670427507953705,-0.3573776488824233,0.24298209554801456,-0.20355382704397504,,-0.4504952033691798,-0.17440940316380532,-0.8716909493376841,2.8930529000282985,-0.38269487687138687,0.7460537898347753,0.06961329060001882,3.359639615403001,-0.020267617420810766,-0.7031004619479482,-0.03967955166356322,-0.822528724788827,0.32306230416177634,-0.6419143268701126,-0.12761617621838653,0.6699537097729757,0.5497234989200086,0.2326693068526634,-0.25475816170925236,-0.9767167100584992,-0.8987892699986995,,-0.42061832154831785,0.872144309073398,-0.04563489407345552,0.0781580139688082,-0.5442620264081274,-0.6405092980267394,1.5497547004870291,-0.1416657184974472,-0.17410038216505633,-0.7963263689278424,-0.683681768444106,0.7820522020770682,-0.07531488118041106,3.136022469458291,-0.6637019189635247,,0.10350711971266037,-0.15144766512242083,-0.9019667788286408,0.48445440936646145,-0.5453344654114541,0.6976223387949791
9,20080602.0,-0.4795261346769899,1.402739668716655,1.8455318188870657,,-1.2826389428079021,-0.21614033542510874,,1.0629321866566648,-0.5859241953794098,-0.850073054008732,-0.5106219936957537,-0.6286326406525594,-0.027650486141828492,-0.7591739792654897,2.8541449384615634,-1.2655782752305378,-0.45012468998793465,0.27969639794869133,-0.5611084363293787,-0.6163359712110621,-1.2349102709679791,0.17629555651783843,0.2219421039957099,-0.2665049788677727,1.9560309680476755,-0.36168826682920513,-0.47217399146496747,0.180790245520238,-1.2810073863267841,-0.16738909274599786,,-0.4629114114839405,-0.16027829282209907,-0.7328920512336919,-0.22657968177675922,,-0.5704910791075293,-0.6115137245485727,3.5204490510561612,-0.8080281267101875,0.619867145080919,2.5653519111851715,-0.6205719393066806,,-0.8301679877511844,-0.38161848552186767,,-0.4532661796776908,-0.5745774775382322,-0.6818369139680706,-0.8028973271136599,0.521724711173143,-0.43326963184140366,0.15494531817206955,-0.27340019045419955,,-0.4882634047712175,-0.2226809776737915,-0.8561253776959511,2.668997829501663,-0.2543086905226211,0.6706316449574604,0.09054630032069887,2.7484045652702287,-0.051659785131825224,-0.8049881863609872,0.00024018230188867977,-0.8187359456408654,0.37657426975773745,-0.6752057981917156,-0.10821092392506741,0.3874070618121372,0.5099280529406366,0.48051739456753756,0.12541077690887426,-0.9639136335832345,-0.8363383063281796,,-0.49247476373048565,0.9910268301607226,0.11925131268987599,0.274467334854391,-0.7166142287379201,-0.6873086651274399,1.427932343473762,-0.2440793499750488,-0.18354521948358077,-0.8674583925027655,-0.8089322244650682,0.6901640990405746,-0.1126565768001039,2.868732927565203,-0.573248594947052,,0.11532521699754737,-0.03288784002024543,-0.9057804751733448,0.16213850449877693,-0.497466404444223,0.7742487190646266
10,20080902.0,-0.5105571972528787,1.3739212616300491,1.8423700479560186,,-1.4488495720006291,0.10137073210265515,,1.0136863490316477,-0.5896747144116447,-0.8962264917840205,-0.5881599219710085,0.21012851699503207,0.03514946468305828,-0.8443983581219139,2.4756034182863047,-1.327643930718302,0.2121146582378435,0.19446931352973323,-0.5554657405997767,-0.706003805830754,-1.292922120171715,0.1852659425888047,0.1481434923344464,-0.2142191802408689,2.0010935992403165,-0.37799713476576474,-0.5670568430672958,0.10518908687989074,-1.39131814900965,-0.2411101358426528,,-0.643222895702173,0.17299019834835935,-0.8128022251029295,-0.26103625289042887,,-0.7127216925998339,-0.7048039210109995,3.417729805384878,-0.8768946453023938,0.5149013710531047,2.5824121554200543,-0.4848661692050418,,-0.9390177136957704,-0.310088840070142,,-0.47783675855619306,-0.5945505969862069,-0.7812086473216405,-0.8365084262183685,0.4356416760904463,-0.5076962723711995,-0.05002751239463434,-0.40215828132362236,,-0.5543353105181981,-0.3104313582980691,-0.8904798216815308,2.7882562070901744,-0.062095003540796195,0.5289272640880468,0.17867206398820829,2.4761005286698534,-0.09437343033634576,-0.8942856257697365,0.06848480701933773,-0.4156653019601125,0.31555100437291533,-0.7210022540822364,-0.06805523086946376,0.17765389276500798,0.5627114193950887,0.6888196879306238,0.11794354928434529,-0.9125920915649627,-0.8637314013065307,,-0.5940048059156131,1.125075690053273,0.19379129367921505,0.4708704975452444,-0.8449379123779385,-0.8068203452722784,1.604534367055655,-0.2641514065003698,-0.2521228048392117,-0.9752840291432163,-0.9079780500835384,0.7322433562580586,-0.15177972347193847,2.8330603333706987,-0.22619389421456415,,0.2022755191486514,0.09099661586653103,-0.9463492145623393,0.10398562222402326,-0.46312083641195784,0.8846991896638313
11,20081201.0,-0.5455740623950512,0.9645489349297436,1.391745036949342,,-1.4736954946376095,0.6270804251038633,,0.6281545934823562,-0.3627838008324694,-1.0922131382211686,-0.7424178093068456,1.1187695475918682,0.42080159233531317,-0.8139728606500819,2.8170379502530074,-1.3768871052096296,0.4888436287214369,-0.03711599660616152,-0.22135996713563705,-0.6863982606077175,-1.254800707854885,-0.1056803779600018,-0.05774781899564057,-0.309415372556284,1.802241156021005,-0.46894786698450786,-0.4630738173386184,-0.1440198817130539,-1.3975070842567854,-0.03070336421798672,,-0.9203824779397904,1.9397806835990743,-1.10950480790553,-0.4380064803374415,,-0.7722438205827195,-0.8425723656333488,2.486850178796761,-0.9932868718401281,0.3197597696501046,2.034808162273438,1.1794584412088511,,-1.0781096370502963,-0.4045097559070206,,-0.5602758186802925,-0.5439175562141939,-0.9019316789553273,-0.7686005674050693,0.006328462892274548,-0.46430861867355094,-0.34248115466341333,-0.668564910737627,,-0.8322822796442778,-0.4268156149709787,-0.6378560130721562,2.183622393004969,0.2629827611890513,0.06739549449399962,0.04336008125956819,1.675607486819909,-0.177761547382931,-0.9167334502976748,-0.03498400711377674,-0.38078310211938826,0.7348504846214886,-0.8134947825054821,0.15214619704531457,0.13056399342682884,0.2717580879615603,3.0251414095225235,-0.13200556347533127,-0.9742897663870356,-0.5854890117889786,,-0.695992825000668,1.2217943442897,0.7173081082454119,0.5744191729917963,-0.9253346806411186,-1.0934226353155934,0.9606560095735596,0.13046224754465566,-0.5020913992841275,-1.1693161310845475,-0.9232771451808633,0.7958126746402944,-0.41195611687394196,2.2502842971675996,-0.060370413664997735,,0.002738005131619333,0.8050441804705257,-1.0971874830756496,-0.25090513144877447,0.2947457894242259,0.9084586277010875
12,20090302.0,-0.5061443239567134,0.7683043283800821,1.2396532451331315,,-1.4827401774319353,0.9740379676938266,,0.4373089354001582,-0.4358001924698642,-1.1169567390399986,-0.7519568296964277,2.083085397486955,0.4392027067658303,-0.8534447416538375,2.2520156954009156,-1.3698274700674042,1.2437355570447355,-0.07553055268171356,-0.27813886872312477,-0.7379818705973505,-1.236922935302069,-0.17204617579270348,-0.17572196035913842,-0.3220095862236197,1.5811245515545516,-0.4533270300374707,-0.5041469274714798,-0.23569406496654374,-1.3973390243570003,-0.056379105490449666,,-0.9931120089964244,2.755134172502691,-1.135928585311275,-0.5232601120756378,,-0.7904196330061918,-0.8714773594414144,2.057200572435419,-0.9875198032619715,0.2642051569037122,1.8026485230697937,0.5442844814884171,,-1.0121534657274045,-0.2735552412447021,,-0.568329315719016,-0.5260325186940885,-0.9581022584606744,-0.8201611182142077,-0.07432479612736533,-0.47446063745207934,-0.4941906168612302,-0.7196532883988004,,-0.8245131388894011,-0.47463175323081985,-0.6837278972059361,2.0131896916409917,0.4334739736318899,-0.09837368638199631,0.0048709045804204865,1.3718174617535224,-0.1502405410842621,-0.8776341780571638,-0.08450214433773048,0.19998099638321454,0.8344178633200044,-0.8401621239807757,0.11139989382246758,-0.00924608460922451,0.10830577637983625,3.0571327840015603,-0.1183121681434284,-0.9320693818762523,-0.3002273060840631,,-0.7376613198251701,1.17015308093007,0.8982403821372273,0.6286257013023875,-1.0175166125857251,-1.1184475331387242,0.6534769173295976,0.10920697556605324,-0.5176992533206823,-1.1640836601594668,-0.9358349464839862,0.7929701842306417,-0.41323328328519787,2.005185170357677,0.9235052909159462,,0.05550958189964427,1.1117149028450672,-1.1541704437472984,-0.2878127563109205,0.35501638991778367,0.8447543338432575
13,20090601.0,-0.4781877221267245,0.5616693711603267,1.0029293823785144,,-1.4640413034806081,1.3023042722956217,,0.23447501880306698,-0.4921397441355151,-1.1223476844000964,-0.7357619752674356,2.6480556255601635,0.4059967397292558,-0.8610430108529802,1.7669055369830284,-1.3069489072576865,1.8528018558965844,-0.1283405932764311,-0.3343735198662762,-0.7564493761279893,-1.2261221842972385,-0.1805594161476098,-0.22292753527085638,-0.3385151620643046,1.2830652658572097,-0.4385252467962752,-0.4433064216029856,-0.2852947286963363,-1.3601951341591139,-0.0622041376619559,,-1.0141821311381571,3.068412800547857,-1.1268292861101177,-0.5733801185719857,,-0.8037927425634305,-0.8473531277120648,1.6871999262745818,-0.9293067361178398,0.21823073165588813,1.4962638594551467,0.2384271892943877,,-1.0018781306944435,-0.19170496895439937,,-0.4922670736197336,-0.48349160433891686,-1.0364560805414889,-0.7722203091824842,-0.1488177518496717,-0.5113847226731296,-0.5116885180227028,-0.731470681435252,,-0.81174896477571,-0.5163026312135128,-0.6957402166039456,1.7968602041590298,0.8573050700615068,-0.2315383058928718,0.05221581667469339,1.1184507075419394,-0.03839664261139672,-0.8425392953761693,-0.10501113915051398,0.810376749447129,0.8193934385858365,-0.8075543410699906,0.03541036150400105,-0.11853607422464514,-0.004008325711325277,2.946845911266649,-0.12789257397146406,-0.8485722448483952,-0.0971230946070995,,-0.7238542427991516,1.1409053039455437,0.9113707662843911,0.6931872187264335,-1.0278130745231282,-1.1351448680991132,0.45909857017082184,0.10918716434630979,-0.5584773475194715,-1.1446387256266082,-0.962105451069708,0.7886318638675007,-0.44450330376313946,1.7659025859152242,1.4089917199367854,,0.13143512016978123,1.4122247799447567,-1.1507974121897668,-0.37928899192517995,0.38613751639831745,0.7744266097482609
14,20090831.0,-0.459017385878195,0.5091128627560352,0.9816542661474749,,-1.4876559914799548,1.3607205029712541,,0.16380078023130026,-0.4882931665508767,-1.1510037939964717,-0.7246152067758163,2.760791840000752,0.4410555838014066,-0.8714453611648917,1.4530422935393412,-1.3125744349433928,1.934171955821571,-0.16386310635873239,-0.3286933408726859,-0.7652029649733785,-1.2637856247233668,-0.1444309943093339,-0.26875380259124393,-0.3316418436110596,1.1685010121565842,-0.3782563945644456,-0.42052720978300423,-0.30581668191433115,-1.360382583020091,-0.050023521177899335,,-1.0350166879873435,3.2238640351973302,-1.1362243657983908,-0.5242013322699037,,-0.8160801228431861,-0.8482232011775405,1.5079858429094068,-0.9287325678812081,0.23673383781867255,1.3458224115670343,0.03956825909247821,0.09734296303651399,-1.007389607504309,-0.1480013178139933,,-0.48707662983925815,-0.48073656402717785,-1.057105820488582,-0.7589920755605138,-0.19233093189894632,-0.5148632029914167,-0.5249997553176858,-0.7385378719607778,,-0.8182634607239593,-0.5231344822672757,-0.6912504226702526,1.617013694832399,0.9578230105990659,-0.29199239489091694,0.14873451527798445,1.1160400239053458,0.04241141551369824,-0.8380478881170834,-0.065396747318984,0.865481310280674,0.9083532000140491,-0.813252187599784,0.05173552782775771,-0.1408201266835873,-0.027680785289181883,3.0079373461374006,-0.11389677667120064,-0.8319202999463043,-0.03779688628866577,,-0.7144833576361488,1.142554663804167,0.9397701873622439,0.7329571379689908,-1.0437190592688257,-1.128565360268337,0.4586647129497282,0.13044966283626994,-0.6347239316471823,-1.1453820356598832,-0.9757824450785847,0.7894417516441269,-0.4500179751306825,1.7803909493750791,1.5159358940268888,,0.20668652722402223,1.4848324262514028,-1.1565202430948909,-0.38502956487229173,0.3838984621578238,0.7968910281372018
15,20091130.0,-0.4519151934204765,0.4523472783051478,1.0858997720031,,-1.4868735112488185,1.410071243954425,,0.014819411343314989,-0.4749689777437746,-1.148010254207508,-0.7175789520896919,2.814785515444477,0.4716261772430131,-0.8554469143196565,1.178004700250119,-1.291212789619651,1.9980063747528072,-0.1735654537114682,-0.32048184087137016,-0.7494533520235109,-1.2690100455924063,-0.32703340787510615,-0.2806853831243446,-0.31271591156461237,1.0762248757083948,-0.34589642970085566,-0.38873271027927564,-0.32381995852725165,-1.3526455901019507,-0.0015687638530624114,,-1.0326797305329667,3.2959576200096907,-1.1268401426384982,-0.5211193319721487,,-0.8467862962001299,-0.8247908897961597,1.2014663892809854,-0.9246067243579056,0.25438144582649275,1.2762766559509373,-0.10974046297475726,-0.19311233026985727,-0.9878776970283767,-0.09109125548593076,,-0.46537764009048593,-0.44726346769965597,-1.0903286339141491,-0.7365947897611088,-0.24069330852412973,-0.5146788987635197,-0.5381443049350327,-0.7154214214937265,,-0.8036756955829474,-0.4031543098370129,-0.6696473872237623,1.585936105737447,1.0178319578505668,-0.32940747648685226,0.1949188533433052,1.1448367851204664,0.09987544459288838,-0.7846276782642109,-0.03457383083185393,0.91715212132996,0.9518180469752007,-0.8076333543846907,0.06581010009707007,-0.11386526510913744,-0.036479745607656565,3.0458212695655154,-0.10694771541440165,-0.803784849714425,0.03656721364453341,,-0.6755145306856294,1.1487608468505905,0.9740604381343368,0.7708028844170433,-1.0448739895364512,-1.1372767488971423,0.4651400858839224,0.10804079341286188,-0.6244150135128718,-1.1229427277576474,-0.9867734242005429,0.807034333910075,-0.43696650684919086,1.730177681004452,1.601942193382108,,0.26025071731576005,1.5525100342864817,-1.2067094615687555,-0.39725056186390295,0.3745417420218514,0.82158593069306
16,20100301.0,-0.42527789737121513,0.42523831239392007,1.0465612009155356,,-1.4910114977455027,1.437658729641323,,-0.04082694670277409,-0.4721901009585111,-1.1311029320454355,-0.7652291838341846,2.8411188456801253,0.5072388729014736,-0.8425817946962012,0.9651027459644733,-1.291833230791631,2.020271918092524,-0.16434821852788928,-0.3131276506602909,-0.7388281149726263,-1.240615226538533,-0.3862810840111553,-0.2765284241863298,-0.30021975374715015,0.9971403301219738,-0.30782297051628194,-0.37583227250905027,-0.3367689897082467,-1.3335041740818432,0.030260095162649752,,-1.0228766020149942,3.329918563849243,-1.1305345057741196,-0.5166227534318595,,-0.8303563498915694,-0.8095593577937866,1.255988305121348,-0.9051390636679306,0.25869552640418053,1.2171279150020926,-0.2161405225066855,-0.4820660152373794,-0.9670492153500218,-0.07756102184590777,,-0.4472163359369156,-0.44541776281809314,-1.0922712395449632,-0.7254021858736518,-0.2578756000541327,-0.5323976451871034,-0.5430762407025799,-0.7126132235267,,-0.7922265373072147,-0.38054634589281383,-0.6455882816133532,1.610166797647903,1.0437057298629808,-0.325620000467155,0.19112812856838768,1.1513069678398045,0.13934249926662665,-0.777309901531531,-0.018028522935310518,0.9381711382480706,0.9701496191239701,-0.7914068595417668,0.07298271452263046,-0.10425830492144932,-0.009357375936681681,3.0611606345461118,-0.1200578091220423,-0.7937594819732953,0.06337030874212848,,-0.6578084271340504,1.1367868322345664,0.9981456561616721,0.7770842777384642,-1.048182879659371,-1.1268156245207097,0.45563670672081164,0.11063303882537631,-0.6272375385482387,-1.1033426273784137,-0.983124388433153,0.820464397885437,-0.40901609101929565,1.669386908068927,1.633707055810146,,0.29375794016680434,1.5708198609120616,-1.2345114192671416,-0.39124314669997956,0.409952371171539,0.8373667233509293
17,20100601.0,-0.4151315555033326,0.37628732214248917,1.070124423289662,,-1.4866358382231786,1.4547056382061467,,-0.04256592423213955,-0.500458661036634,-1.132377296649918,-0.7620811708889148,2.8640104661615227,0.5169664160033423,-0.840242540167098,0.8421280664707711,-1.2982302219831638,2.047561713069431,-0.13969776208767704,-0.32507807521824694,-0.7330799373791529,-1.2345000672994173,-0.36869718967019127,-0.2552696955824987,-0.3040839332412473,0.9223318555545269,-0.28254587627317373,-0.35650579987791614,-0.343533105505655,-1.326538585671785,0.062488718130526144,,-1.0293291568690548,3.373445573476365,-1.13538389574082,-0.5122745258672711,,-0.8646450363879263,-0.7971409223691811,1.275490239910922,-0.9001716484627609,0.2250118921062227,1.1938737397565036,-0.3174038776111024,-0.3363551861345139,-0.9879298743614393,-0.08277228041369239,,-0.43328418561006876,-0.42377954203537355,-1.0899273281175426,-0.7120499005813169,-0.2483312626003936,-0.5141746828943512,-0.5418617401687061,-0.7555062780124839,,-0.7783596043328636,-0.3816419883100656,-0.6378433689476793,1.6123924347437923,1.0813770598318215,-0.3113064306898285,0.2192091634376364,1.1766974951873084,0.16696305429315472,-0.7616415943951147,-0.004130795669583314,0.9563564875857634,0.9845986895421978,-0.7733256707608357,0.06121017581218495,-0.09266030935054703,-0.011541093887305547,3.0637227010406765,-0.09992534391312008,-0.7767632379185988,0.10511732214302051,,-0.6433690954021044,1.0975888008757697,1.0486723928778334,0.8152175469778203,-1.0518105502306623,-1.1299827617302647,0.03979533398303191,0.10160358540090193,-0.6374237164344345,-1.0937287187079283,-0.9724696490053036,0.8236900418624521,-0.38915833212277134,1.5834292180136134,1.656861268929442,,0.29946323087249627,1.593670996842059,-1.2399236687350161,-0.3729346418159898,0.4396498076814166,0.8378022608765245
18,20100831.0,-0.41049267702866515,0.3375220706530804,1.0355054703146962,,-1.4948652065351207,1.4680058720738112,,-0.056190135609725474,-0.5095230097655368,-1.145877395441789,-0.7446806136860069,2.874553078348955,0.5081095310704992,-0.8401122180932513,0.7284422497003517,-1.3035313113369238,2.0631454550699853,-0.13673231976749278,-0.3314079828415899,-0.7384529235067577,-1.240486578408926,-0.39261420275202497,-0.2324950241938718,-0.29760068353010577,0.8487891396306136,-0.26507764856895544,-0.35013251964365083,-0.3451861288984615,-1.3254756912826684,0.07885090856547936,,-1.0697932836297155,3.3814848476493196,-1.1478825519064206,-0.5550808607653042,,-0.870165182647714,-0.7556235584433381,1.3000140601966814,-0.8999778194890085,0.22410990266690298,1.2079601111388205,-0.4249354525791664,-0.24342358235379766,-0.9978171044058941,-0.05844195747032634,,-0.41185576552297776,-0.4283959694074434,-1.1006945738159566,-0.7018996765530515,-0.2522693903452461,-0.4821295404134711,-0.5684474085930309,-0.7548477408258305,,-0.7702137177251034,-0.36646908016428836,-0.6453554319103324,1.6507705473179541,1.107297305614382,-0.33037881203182423,0.2219445848709064,1.2568180244879699,0.18331741486457137,-0.7646796853134639,0.007625750234226976,0.9742485475801607,0.9853705621445357,-0.7641792411861014,0.04870413145590975,-0.09342146603705058,-0.018210705903761892,3.0624907748904153,-0.09198810037413144,-0.7537054687321241,0.1203036705327831,,-0.6177677907811163,1.0370832735562803,1.0434187481802957,0.8260549696598165,-1.0564244162348662,-1.1312935619317763,0.030775922363778224,0.09795251266430599,-0.6191289855886877,-1.097906190443222,-0.9663397112516543,0.8142571903042154,-0.38467288800898497,1.4478940492472954,1.679432985009284,,0.3274756776358456,1.5997098332642596,-1.235611884512156,-0.3238635686319155,0.4866998849703476,0.8500873388930695
19,20101130.0,-0.3749900922184862,0.30433035461961405,1.0354440591025524,,-1.4897579469776272,1.5044308175638363,,-0.050880210858819205,-0.5120375840818429,-1.136968107120632,-0.7454757680306165,2.912681381256879,0.5246595387656533,-0.8223042080580328,0.630122214232353,-1.2861360718783132,2.1065909295917535,-0.12051443410909957,-0.32883554218811145,-0.7192891173318068,-1.2141746666064461,-0.38751423401055995,-0.14960455285118934,-0.2784497017434931,0.7961435870260777,-0.2348909736131909,-0.3196033907435512,-0.31446771734686524,-1.300208335213467,0.10216596851418851,,-1.1120413924520975,3.4079032413081034,-1.16448096585718,-0.5579372270876243,,-0.8476779092608272,-0.724427167416642,1.3026942171809892,-0.860593385442141,0.34641009323955285,1.2552692555860556,-0.4838949385060438,-0.2175509831146333,-0.9695890527941797,-0.030384324202691403,,-0.38598028239564847,-0.4176897617885125,-1.1020879119136515,-0.6805522620252744,-0.2600627232906258,-0.4535707569970097,-0.5616017738152503,-0.7463695266346041,,-0.7504448928695194,-0.3810035319003797,-0.6384927485373566,1.6715317833009897,1.135370034814877,-0.3584987804162238,0.2418042175179313,1.1910474335392878,0.18600398767492857,-0.7428709678706763,0.024201650410102735,1.010321589934861,1.0045261115895143,-0.7350893125498507,0.010423690955870634,-0.08604429461547422,-0.025949548186529385,3.0873509574541314,-0.07238142668682977,-0.7405560554142457,0.1519117989140452,-1.004337453426298,-0.5676270990669292,1.0272582811721342,1.0650844398579131,0.8415027436462629,-1.0514189221987045,-1.1359964483438134,0.03363288707771173,0.09698803661410531,-0.6299926765937238,-1.0728836258007042,-0.951708966926087,0.830833949398177,-0.37842218196669714,1.3491665728927322,1.7109106213473564,,0.3520875713864581,1.6166746451396679,-1.206954904584956,-0.3022989436804003,0.5239619204923718,0.8041271984930684
20,20110228.0,-0.35979422541689116,0.2452786866088364,1.0330001927712888,,-1.4838779843288616,1.5150938912362821,,-0.13309314840546904,-0.5080303517257997,-1.125829499236292,-0.7774195753239289,2.927882596804808,0.5327545065647393,-0.8028519926422569,0.5749491814383095,-1.2738371554593406,2.1168834467072184,-0.15079589730109544,-0.33299608029654487,-0.7060714526573518,-1.1980786611711685,-0.3944206938426602,-0.11313281861002139,-0.26621884983932975,0.743812155929676,-0.22227719864735151,-0.3198300691407643,-0.3023539100356468,-1.2807302012226416,0.1168838928490844,,-1.1088343943213437,3.407343701246145,-1.1762165345245126,-0.5631705961655668,,-0.8425498506902044,-0.7051856574328148,1.2841960264210213,-0.8459260018371082,0.3223833257361901,1.2070644572219782,-0.5613528790373135,-0.06971304277517507,-0.9579442199630815,-0.02951748816413357,,-0.3888120221577924,-0.4008328419584847,-1.0977503221984002,-0.6739652386134373,-0.2772336650006817,-0.4456375546541405,-0.5388198611431313,-0.7335668321508017,,-0.7547257651556346,-0.37120468373207033,-0.6339243038737931,1.773766029882065,1.1447079680328491,-0.39142460294122905,0.2309189879846321,1.2010530139434468,0.17999839740521448,-0.7283060531961745,0.046740559705553894,1.0201732861543207,1.0061228800749638,-0.7238138441216498,-0.007705352536454888,-0.0907131904180675,-0.03047782946461844,3.089472145677287,-0.06217522918957267,-0.7278449128781008,0.17916151891399573,-1.1118217487317907,-0.5473054043033762,1.0168906448784847,1.071732052927275,0.8222212222947037,-1.044934817200157,-1.1397407174168488,0.027722425609275753,0.0978926708414935,-0.6780206323720308,-1.0721900177577952,-0.9384529833138189,0.8248177121248101,-0.36288909054143853,1.3151397967467684,1.715486284271202,,0.35505626643611626,1.6170629137070005,-1.1980278932323403,-0.30626794063188867,0.5586854462021978,0.768287495751163
21,20110531.0,-0.38406059907768303,0.19362056656545307,1.0410631279904545,,-1.4662630741985432,1.5287397761594237,,-0.1736085142520068,-0.4980078460578624,-1.138992681858373,-0.7618515468667925,2.94959155448737,0.524430216973655,-0.7985733594476025,0.46531762729483606,-1.2809383539258343,2.1399735273563594,-0.1319167044664531,-0.3290801503617794,-0.7054157397419477,-1.1891417317701567,-0.39349234915572656,-0.11395943482550935,-0.268521955935807,0.6799192175101938,-0.2162896788295326,-0.30906854246427634,-0.28254088705056685,-1.2702404347222946,0.1286246663723286,,-1.1071877850188245,3.4275413586425176,-1.1766696247857145,-0.556478487919178,,-0.8492363527900073,-0.6973393707700345,1.3126107831414222,-0.8421234920567121,0.31377386516235684,1.200874640456042,-0.6299870614110175,-0.026254633589078202,-0.9438236249044695,-0.026593763716713754,,-0.3798029784230716,-0.366103318438061,-1.096802264205601,-0.6714597238431083,-0.29573815940835047,-0.4314597028215264,-0.5339414110382874,-0.727115140245494,,-0.7774265520008542,-0.3860143653564949,-0.6330496744533841,1.8034854279727657,1.1560283900448616,-0.41952834010134304,0.25749346014688745,1.170275161833461,0.19676343651288838,-0.7240246187771844,0.04892314411458771,1.0406529460820524,0.9667568242383753,-0.7132041263307521,-0.005783911794991778,-0.08394426048437811,-0.014340625365875912,3.1043746066893596,-0.06867024625350032,-0.7175104003120758,0.19989129565384686,-1.0600649157721398,-0.5332507266229896,1.0074201844174957,1.066758757567883,0.8185741826524573,-1.0548048802739887,-1.1489993691313274,0.07452890315344483,0.09679191668642784,-0.6865325902808711,-1.080675603199422,-0.9390259887100589,0.8270258917567024,-0.3554948725623347,1.2066658752086639,1.7314311756096052,,0.35609883330345643,1.620506622050129,-1.1990132593900416,-0.3092816365439179,0.5822379554368283,0.7419555248673672
22,20110831.0,-0.39263643752822064,0.11325445806964006,0.9473603733365783,,-1.4633981968770466,1.5263817974406193,,-0.14469387796059346,-0.4925747971354806,-1.1550772373528415,-0.7538598620597728,3.061359650788475,0.5199240419707526,-0.8099469011118737,0.4497525130334509,-1.3115307765507276,2.146879350941489,-0.1797263393887828,-0.33126791803858024,-0.7245171297445717,-1.1829604763838946,-0.41632406608233696,-0.12299596995463515,-0.2564491921355718,0.7315697966686812,-0.21549446279005466,-0.2968342938259779,-0.24313504683389162,-1.273861952253617,0.1213894378532587,,-1.1559072116723539,3.4705946409436277,-1.1855994559109733,-0.5785560505143006,,-0.8634971954807511,-0.7253293418792301,1.237381116462254,-0.8463388322485339,0.2788515118133535,1.1128396375797673,-0.6815926584098055,0.14100590434854157,-0.9353836899598136,-0.04505669762302557,,-0.3370063197466121,-0.31322828940180264,-1.1169090009058753,-0.6580563331438525,-0.3207862579820448,-0.4093187450932287,-0.500099208649759,-0.7401895092602717,,-0.8246688323682246,-0.39625949979008496,-0.6422802423152174,1.7315257797194716,1.158193551635099,-0.4301792870695416,0.2501546425003673,1.1153997734819705,0.21938741724043523,-0.7280339474976683,0.03320350723731613,1.0741923541520706,0.9341363708490086,-0.6864886260858343,-0.020774560484556014,-0.09014455583172143,-0.061935317588465724,3.1421060257948916,-0.038528244397720526,-0.7627292227680065,0.212496882640402,-0.5370468971408278,-0.5379452659197597,1.009605276186296,1.0601097296605793,0.8405805193564908,-1.0730766059874204,-1.16594297958742,0.054331642630445154,0.10670283898761383,-0.6749313092146307,-1.1123322509775504,-0.9383335502924498,0.810869145884062,-0.38981501380681394,1.1281666636357421,1.7319374964272243,,0.3296173450302244,1.616394394267374,-1.2087969537322214,-0.2971735221642931,0.6828597065606494,0.6970411217829074
23,20111130.0,-0.3958213318586169,0.07375215199176706,0.9145974874539811,,-1.4472850701573576,1.5579776238428207,,-0.18205243365543236,-0.4952510708019589,-1.1753472834590866,-0.7440366891973438,3.076332801019188,0.4914595231647513,-0.8281712347597435,0.3476029209510414,-1.300841997482404,2.130750415768721,-0.19148530435957092,-0.31490377666646524,-0.7510844726467192,-1.1763095601442628,-0.428882634839631,-0.12654064925814382,-0.2694406124898435,0.6306889527921903,-0.20515760511948483,-0.25369710698423964,-0.24696867407321693,-1.2654111604575906,0.12075092018779073,,-1.1655861964834509,3.467494191273758,-1.1867118521719515,-0.5810535670051589,,-0.861420931762259,-0.7109996277610416,1.4819493067646827,-0.7768857489592852,0.2545248232629326,1.1036427353395468,-0.7248239922006767,0.11407458349332393,-0.9221338469550004,-0.02047287101423273,,-0.28417017190969224,-0.30662825656937903,-1.142140812545128,-0.6116798903481813,-0.3237144559691085,-0.3561823219170852,-0.4901298331698437,-0.7837562088451364,,-0.8405638104475581,-0.4822424474784154,-0.6543024605096702,1.6840876748216023,1.1351853224881456,-0.42242697286953007,0.2230261173418147,1.082443208872404,0.21100761833946904,-0.730426074492352,0.014809557941191313,1.077421337789267,0.9139994671107001,-0.6355833264442151,-0.046100521168486605,-0.12314503356434622,-0.07399159935265083,3.207185598391424,-0.03562589930778265,-0.7603626578109476,0.22832954494105223,-0.37636034154270714,-0.5561018753938299,0.9889564416729583,1.0898752425863658,0.8617361921818479,-1.0841629369976202,-1.1352138998594026,0.06226409331933551,0.10797553554875543,-0.6480326199714272,-1.1182854137527187,-0.9131083691474035,0.8376553201425374,-0.4028182372889214,1.061856665768859,1.716308188517483,,0.34487566872228553,1.5705592000218276,-1.1921377434537452,-0.3182275316155108,0.66983250504788,0.7414100875932548
24,20120229.0,-0.38720131464765234,0.032048681393685746,0.9266410843232692,,-1.4343332878671025,1.5731863986891856,,-0.17920641426779013,-0.5044185092753041,-1.1709979040171898,-0.7703065488457809,3.092633519616552,0.4810452999039428,-0.8316084894120311,0.27108780744077515,-1.2967359347111513,2.126154808323587,-0.1930142051628489,-0.3145919127681202,-0.7560325728823972,-1.1650263594338166,-0.43382488924680124,-0.1331893769082206,-0.2664962791809408,0.5923118206479518,-0.2062566678472122,-0.2507548958925071,-0.2232510969123862,-1.2534492446428662,0.11836130082912012,,-1.1614331454434728,3.478528836627899,-1.1867444674965673,-0.5833347761925789,,-0.8476176546740536,-0.6827915781674163,1.618979823842703,-0.7709380784410577,0.24177909371324605,1.1147659516659214,-0.7623957115607413,0.07589200121684013,-0.9105614704258709,-0.034104384077788985,,-0.27708882085974357,-0.30785822128268486,-1.127487039474169,-0.6004992587505055,-0.2995157705704853,-0.3417272185672613,-0.4815991875306334,-0.7818893502287837,,-0.8410431869603858,-0.46318425103785366,-0.6502635940035913,1.6537932338477277,1.1292275342579077,-0.37111954710757544,0.2143926033240779,1.0716187013029637,0.223622697286695,-0.7255943066996181,0.013962527565891322,1.0768145057455727,0.9170867398291986,-0.6214018467889325,-0.0695071422730848,-0.12005643463075111,-0.09940247663875566,3.224536308530981,-0.025910730055320953,-0.7568339336596184,0.23251179035493127,-0.48635667520809317,-0.5253326040721858,0.9841011145267989,1.1012723279128223,0.8579144242430201,-1.0784396212927334,-1.1186657236964188,0.0534054119409901,0.1140047392371912,-0.632469816446243,-1.1274128554348828,-0.9040772491628226,0.8505572205791031,-0.4126651587482528,1.0061490249741947,1.711003886307277,,0.32097689097089716,1.5471038145922522,-1.176919782129039,-0.30911081738053053,0.6660387526286571,0.7305391128987732
25,20120531.0,-0.3879070848380108,0.01274703851146727,0.6906925806652577,,-1.3342218295744743,1.391518083229708,4.2814846627165375,-0.19960877696577883,-0.5008106615892962,-1.086964549436363,-0.7350382203712064,2.7585003016841285,0.38525716373385477,-0.7984301718193049,0.13733015983910046,-1.20469761713869,1.86868321765249,-0.22075574665344605,-0.3253762916967809,-0.7267184927209293,-1.090510380510818,-0.4507891386743912,-0.15347202457604348,-0.28079018710076026,0.46254070733516334,-0.21796912751482736,-0.2604922508504844,-0.24549258445144187,-1.1684478961000901,0.0563319787734537,,-1.0850463626662754,3.0900512566406833,-1.125240368374956,-0.6019633291356818,,-0.8057574326671504,-0.6519881876713586,1.4631410684128459,-0.7363066515175406,0.16928184151200446,0.9556622635406299,-0.7703865921810577,0.012027241391580864,-0.8644863506921419,-0.07050241459813772,,-0.29033762572369726,-0.31002321625983015,-1.0658447218026108,-0.566971827266992,-0.3224162988439449,-0.3476456155751665,-0.4718036306616267,-0.7438644883717193,,-0.8045834640036355,-0.4696047409350867,-0.6373100579736458,1.4211562986993753,0.9684021702722742,-0.34720489143510147,0.16406815457058718,0.9070205855387911,0.1810496721822265,-0.710752543698051,-0.01603117789364807,0.9272504532842537,0.782131218301624,-0.5980956715830116,-0.10840944502997288,-0.1544741550639411,-0.1309191637106453,2.867216104014721,-0.05893633203259038,-0.7223205020251037,0.17337507235537178,-0.5406298085934385,-0.4993675798321527,0.827050371799947,0.9590842769107889,0.7279687519405698,-1.024416903012598,-1.045559927242536,-0.008626034158575322,0.05815979775875425,-0.6076046875459618,-1.0714750174099474,-0.8745313452706464,0.7175703662863117,-0.3950517135413824,0.8495790849798189,1.4953632897234466,,0.24413571443911042,1.326463294513758,-1.0975532596404989,-0.36573568281129215,0.5579116950353303,0.6180663127905595
26,20120831.0,-0.3730606221200403,-0.016320538472206308,0.6837936675968261,,-1.4161528243269512,1.5642159482253635,1.9466265381153498,-0.17270863259401825,-0.5377625345119001,-1.1676130164056466,-0.7674506541137146,3.077006376408682,0.4703252917747216,-0.83957204611335,0.1349218894630431,-1.2703572949530857,2.068838925106435,-0.21530971357597553,-0.3345292249662413,-0.7760383550941061,-1.1437632654755596,-0.46701963115112094,-0.10210962996991231,-0.2899149616166936,0.4706037168037024,-0.19605975098990575,-0.24972993201958923,-0.22691552103127072,-1.2463066949486157,0.09039808221573362,,-1.146780993516358,3.4291907893797795,-1.214322549926902,-0.6113743253283637,,-0.8389779845959283,-0.6623063563390408,1.6991723127737404,-0.7579875241593462,0.24585544432774886,1.0761359530691605,-0.8310995359860154,0.02630803957534734,-0.9039120174419734,-0.06127621832938907,,-0.2640352016406215,-0.2915420513375977,-1.1276588730084511,-0.5711847125215038,-0.2923101855003484,-0.323948800922526,-0.4712531569107349,-0.7966528959970212,,-0.8591257318777828,-0.46174598498843017,-0.7147217228029772,1.5714484090740515,1.074083709472451,-0.32191546666051357,0.2576012074616724,0.9844919564530108,0.24354599783938646,-0.7723578713517597,0.03966586767309038,1.041663712753323,0.8805488315768596,-0.6199284629843874,-0.09621060387452075,-0.15780145664732143,-0.10595902854549022,3.183251755100307,0.042604652598273784,-0.7437769368225099,0.22752073710644416,-0.617527299394366,-0.4642752828887714,0.9279285235679646,1.068091917312562,0.8061818327180243,-1.132164076605876,-1.1176161330463303,0.02990267428734338,0.06996623026868062,-0.6335349147592747,-1.1649213871377386,-0.9116389666666848,0.7989311756577006,-0.4151175825668801,0.8097158418422912,1.662024088687813,,0.26132150077068445,1.4510518275568987,-1.1646546512933273,-0.3813021508835523,0.6562107198540921,0.7604677952419229
27,20121130.0,-0.37807226080482853,-0.04545453693504642,0.6453966252865788,,-1.3914247249638139,1.5570742103425723,2.232382675581365,-0.17395101911637928,-0.5451077803010127,-1.16821395747196,-0.7611353714665328,3.0945788834438512,0.49381285929639773,-0.8236753844937454,0.09164450820566618,-1.252535262427275,2.0608371043333222,-0.20354795475025786,-0.3287685660326983,-0.7742578189281044,-1.126376722341223,-0.45897196643829263,-0.10924577703984753,-0.2947005050049387,0.36626281129121074,-0.18291690066414354,-0.23928832836057695,-0.2508458454578399,-1.2351228802474692,0.07534742480052298,,-1.1493160535841271,3.4228008192207953,-1.189267402642122,-0.6134753279460838,,-0.8204101240145091,-0.6850857181938289,1.7809862043662903,-0.7623490913049823,0.25678086487540924,1.0246972767675644,-0.8326948634433281,0.016047584958267202,-0.9055144240319112,-0.07017236545535567,,-0.25943227294776233,-0.2756554946290778,-1.0915592082571446,-0.5558837872635682,-0.2798783844491438,-0.3027452402160208,-0.4812703162429835,-0.8057097058534224,,-0.852526183484087,-0.46536036811389314,-0.7161697658471909,1.5149731224062077,1.063390986819719,-0.2858591114419407,0.28114103205112606,0.8674790144644728,0.2613533484942956,-0.7657535352161631,0.02580523797058232,1.0426716623221337,0.886033474414875,-0.610006147796216,-0.09928461500818851,-0.1601406675400873,-0.1075352712781028,3.1662882748855954,0.07577556514042366,-0.7246958969924646,0.2438580657367939,-0.6504007887043428,-0.5035185374324004,0.9236771333416828,1.0404240889522645,0.7840491456254973,-1.118676658046427,-1.1121313994912552,-0.04689689869543279,0.06950340583514467,-0.6291824511475871,-1.1377826240826177,-0.8994658339726365,0.7905417993544821,-0.43579047577860225,0.7519512061231427,1.6560783607924177,,0.25969716896236633,1.4276668705121194,-1.1443889971111405,-0.39180510392108364,0.6535453156392436,0.7768505422088933
28,20130228.0,-0.36693007703564107,-0.02387015261052108,0.6626513292867716,,-1.3719039345999722,1.5744603019305226,1.7602094644052961,-0.18745760598135716,-0.526145044958923,-1.158790280617707,-0.7294817979471016,3.1787020038451224,0.5434375590188422,-0.8331616416630089,0.08508958328260473,-1.224392945379715,2.082221751780013,-0.250448604074338,-0.30832911580003336,-0.8019633020833703,-1.1039657104951615,-0.44577377001404506,-0.09328407686437441,-0.30502346284738496,0.3462264165407083,-0.15638389021140875,-0.21086371590587957,-0.2635686781530211,-1.2365728348449658,0.05403624656236986,-0.8230575699072414,-1.1748531072186155,3.4949353157334393,-1.1720505669921442,-0.5948346787270867,,-0.7959851766139789,-0.6515563857897549,2.0764712601008557,-0.7408009368049768,0.28758238597630503,1.0191907594648064,-0.8233860103381855,0.024799628652649352,-0.9162122169415079,-0.05299099058573736,,-0.2462964348567903,-0.24862892757923963,-1.0616253331887415,-0.536996647426546,-0.2383001826022995,-0.2800787329673375,-0.4797764719903164,-0.7995049206971627,,-0.8608249443724441,-0.45959911197167214,-0.7210582256280911,1.4400648207591034,1.0669580993306786,-0.27438451026672256,0.27348532445986623,0.7711459797149822,0.29836974674858946,-0.7389037605033556,0.020473082010038782,1.0841775097422308,0.9256466975346996,-0.5795330268120289,-0.0814828076174331,-0.16505018118844322,-0.10911771930870034,3.2373862355565635,0.12277271162821364,-0.7026672174282965,0.28837321329457954,-0.5717591247701376,-0.4927652500099735,0.8994988143658893,1.0709064180618046,0.7993642199789655,-1.1190949024794483,-1.1127677006960004,-0.173520368539319,0.09027359596388196,-0.611829475625371,-1.1303861129182364,-0.8838230771925442,0.8072619388604035,-0.45871437369471785,0.7130457302030273,1.7044860531226296,,0.2691019708377484,1.430360121499976,-1.120798928968926,-0.4049888193273803,0.7020062248871974,0.8031430574934594
29,20130531.0,-0.3651169130751205,-0.03269762181412784,0.6484822073566121,,-1.363107575606997,1.582555466425747,1.4205339646727078,-0.30267019342655227,-0.5270706263840552,-1.1686054563998773,-0.7082864212734808,3.2671948712647825,0.5000047554796075,-0.8342154222751902,0.01427579672100988,-1.1908148089140072,2.1098918005819933,-0.2652205054894544,-0.2957711471683157,-0.8082917975853493,-1.0830036432826884,-0.5137651744450948,-0.04898272223355746,-0.33994824755818726,0.31845028451484153,-0.14545209709084206,-0.18294626567267674,-0.25200782815340816,-1.220074859766738,0.06276352921909464,-0.6792624760302949,-1.1793246168181766,3.5505350117752377,-1.16868810814569,-0.56068607256918,,-0.791295726983602,-0.6307294445182093,2.158676024620439,-0.7371637673900852,0.28750470950235013,0.9877749360251334,-0.8248636895710443,0.044445489100322894,-0.8881639981449687,-0.036151463768424964,,-0.2337567704923389,-0.22532021150235876,-1.083384089531784,-0.532814707113643,-0.24099543357039993,-0.2536422532181607,-0.49092582467450957,-0.8071703274026051,,-0.8591332107581909,-0.44824694952720584,-0.7227050683474484,1.4214642574167362,1.0534543297696428,-0.23852583145272843,0.2501684902826257,0.7249532214418822,0.3163551657116105,-0.7256209875118068,-0.0067393596223114405,1.121553233059519,0.9345768555812061,-0.5741678308357282,-0.06305641524052502,-0.15568291145227967,-0.10698796241347286,3.271726171610742,-0.03926224303255776,-0.7028572293818937,0.28690010476721,-0.5526267152872889,-0.45981180841905156,0.8823769649384432,1.0506640274860937,0.7747396975593055,-1.130256513029292,-1.124217776898638,-0.13681774857846746,0.08941667505172231,-0.6178620357498317,-1.1070096849983773,-0.8814341245745518,0.7996092911597771,-0.4868884839587,0.6898208574418008,1.7534275184422776,,0.28065050177444595,1.4615784995836005,-1.1126311883609608,-0.37746801045348005,0.7463082142353726,0.7795654743720883
30,20130903.0,-0.31165991082756167,-0.025398614096500405,0.6209277352164673,,-1.3373257191549974,1.523720294716594,1.7049028819313994,-0.3198570917826069,-0.5296254745300294,-1.2006287564263545,-0.7104919435009716,3.194214714572137,0.4831846043106726,-0.8256569132419005,-0.011093375298307027,-1.1869222333255556,1.9991859952022768,-0.24746800907271713,-0.2924720678542898,-0.8103310690892648,-1.0908474208670036,-0.5455877803375663,-0.02773166906979394,-0.3804679852146764,0.28176894253071244,-0.1488240023370741,-0.1568526632188674,-0.21224089882816025,-1.20907703878623,0.0925507346010894,-0.7552353527102791,-1.2037532753383906,3.5963101904766264,-1.157019303479313,-0.5121306760618942,,-0.7641617972644286,-0.5992358084280833,2.249844843444062,-0.7227197590268899,0.31022489171396495,1.0179704131788836,-0.8125100331491502,0.05318945566937833,-0.8708046799241146,-0.05311295116046644,,-0.23486848742991853,-0.22055975978681955,-1.088109596010086,-0.5313745471229837,-0.2631877131853757,-0.2226473938216543,-0.4457938891212271,-0.8703278379668946,,-0.8440401891470048,-0.433948599726783,-0.7128394951833479,1.292334556101186,1.0320918222811404,-0.21584122375717246,0.23079670033363567,0.646996681111448,0.3403149810582256,-0.7121923797462818,-0.02710096949866206,1.044467976275432,0.9640759884912602,-0.562543400870495,-0.06758853753797754,-0.12526119762301394,-0.1825607385118477,3.3250505657116585,-0.05126346976207165,-0.7236898375240046,0.315663532687668,-0.5269693294437943,-0.4248012547645386,0.798853760418231,1.068039166562826,0.7352838435213052,-1.1265570885155964,-1.1144277226561654,-0.28396178432189123,0.08950421727167901,-0.6006546970407702,-1.0669430707960743,-0.8740672282787078,0.7847001177535693,-0.5010308246329149,0.7327638358411396,1.7282352888019248,,0.26636469023577775,1.490049718043673,-1.1160508696901397,-0.3731596562283157,0.786448453905557,0.7755754691343468
31,20131202.0,-0.3118668564197914,-0.0797690580948908,0.6884624748797532,,-1.405137169490859,1.508005980530247,2.140185434885095,-0.27323854205240544,-0.8607685206216533,-1.203324986379301,-0.6826435656100659,3.3449810435040863,0.16598440043123575,-0.960433457072687,0.02630428668068592,-1.1760782481629917,2.2609772863962596,-0.22501193047593443,-0.6349456616813338,-0.9864754304216864,-1.1567644869042866,-0.5561284988843155,0.06787491051995921,-0.4269717137439486,0.25925741459678314,-0.06230367922026088,-0.18708161910094823,-0.18677594476847248,-1.240041006479542,-0.07805791567393877,-0.5072887318456968,-1.198799079565925,3.315772383508351,-1.0404725245969524,-0.5106228142104363,,-0.8595736162403643,-0.541232793857432,2.743140364597808,-0.6482528106787393,0.38052240361263373,1.135353882016795,-0.8979191633275353,0.4506144436104343,-0.7974541099920361,0.03813028024537742,,-0.17830895603927138,-0.21767000021657454,-1.2171266225646136,-0.584470230235405,-0.15066618137768706,-0.2523761029423611,-0.40151767238761854,-0.8247896374779662,,-0.7063065093131018,-0.4482142121830314,-0.9917503247956326,1.3991703477218373,1.0607722549780723,-0.07509195259233911,0.331734241059926,0.7628647447333912,0.48580383698420043,-0.6978887376170104,-0.012963454137172831,1.339155540774094,0.647128621846543,-0.4924057893791654,-0.371028997604457,-0.3324793959318423,-0.18514104694706487,2.1291547292934276,0.055851844307732275,-0.6812432935462024,0.3693975140433733,-0.1915467926582189,-0.34277221663529034,0.6079778305155539,0.8554328876721664,0.7189826840982984,-1.262692298446876,-1.0277331115858084,-0.04628443238716455,-0.23647086351049038,-0.5214754216159434,-0.9669937181505703,-0.9528172010634915,0.6970566906069053,-0.43515939466967707,0.7383280174001255,2.0748437082696505,,0.40283850466023025,1.3350282867348795,-1.1302426397120655,-0.2458035683187384,0.6465064519729138,0.6932689839284583
32,20140228.0,-0.3314229985296916,0.017010360205894724,0.8181943966241854,,-1.4398013408762513,1.2931808504405884,2.6519938480421454,-0.264320370930849,-0.873258465778355,-1.294341849784321,-0.6945065640423939,2.9933916215161536,0.14501896682588494,-1.0047304786615296,0.05324451493133041,-1.2154742099730982,1.905486652147993,-0.27832078412863653,-0.6623956299872087,-1.0697359489111253,-1.2207461073469008,-0.5501978965978608,0.15437185978063225,-0.4917371552004546,0.26124114028276474,0.006668670622754251,-0.1977587791864357,-0.09253822094951024,-1.286674068688597,-0.1015885759062113,-0.36315935664780413,-1.261252138459861,3.0457090457677016,-1.0269443141945023,-0.3993629324133237,,-0.8996422887821491,-0.4699139731347809,3.415391350274369,-0.6399064857850175,0.4701912456806258,1.2955044404032565,-0.8518869001817122,0.8069937114594955,-0.8805066547596233,-0.03414431291798881,,-0.13248778760212437,-0.20148288802232292,-1.2485070771836062,-0.5249461786645614,-0.15920291394799868,-0.2247864593193566,-0.3097234711105562,-0.841815654145708,,-0.7040255491139753,-0.44971036090275035,-1.0544746867456503,1.5480142589123933,1.0402263590520382,0.12522260020324433,0.4380354356383699,0.9334281998958892,0.5941834711506057,-0.7169744111181631,0.05831108147072924,1.1283201570185244,0.5610439374741558,-0.4612848078449701,-0.4506500016381821,-0.34571521748823886,-0.16641491935967007,1.937345103143285,0.13714274236388016,-0.7179999857031878,0.25945922690579565,0.0312859652319398,-0.20327199872913415,0.4696837531384443,0.5998109229741762,0.666128999759506,-1.3126426186510736,-1.0314806742166778,0.11791944932097123,-0.38726481767003396,-0.5137901096977472,-1.0040367184249301,-1.0260254244277853,0.6666310305157951,-0.5150639532969994,0.9087527604400212,1.535245035039589,,0.44605571743746547,1.031738386944994,-1.155084263351961,-0.2612455836332065,0.646738120456166,0.8020619452730123
33,20140602.0,-0.3070170954274291,0.23430489421881537,1.2471252512308417,0.4761645077424411,-1.5054602231683116,0.6461982675358635,3.409559633334987,-0.042287510281171954,-0.8718250762709013,-1.3502352692243829,-0.6886888783748631,1.9410726773935814,0.10079289340432297,-1.026037525871336,0.15815245833405975,-1.3079811309835805,0.5617210308760063,-0.24083600249669773,-0.6480031620061625,-1.130826969307358,-1.2499730280427293,-0.6318185948536412,0.3584640316552649,-0.49335773549361045,0.45397708695621586,0.12865178808378874,-0.22764259137180154,0.07016653036217074,-1.3290275887551748,-0.09947746705721722,-0.038085169431184285,-1.3352343703293534,1.9489496995313853,-1.0977793573625472,-0.22498036121771314,,-0.9231966434345605,-0.4767153330818102,4.443409595211462,-0.6760544087207333,0.6279056337084576,1.8265787530045219,-0.8530604519380137,1.2826800812800714,-0.8369317630305178,-0.08921196262599351,,-0.14596147884675192,-0.15150829233329277,-1.2696736552751846,-0.5204201341413641,-0.019357236821053534,-0.08006540318906044,-0.2013239188468936,-0.8560212254613476,,-0.6442199667000952,-0.3622834079513412,-1.0921169705495843,1.8977388824097399,0.32547872411651785,0.4865770027282336,0.5262972202515094,1.399834390996226,0.5821331130244565,-0.766386350702714,0.16449088615273583,0.061675816821060256,0.48524980909468246,-0.4101554109675904,-0.4519203242589536,-0.3235852798662518,0.006414379642360088,1.8641080292676124,0.2041844557982066,-0.818645774801011,-0.023536540578566197,0.3698806794958925,-0.019124036697738305,0.28538180640796695,0.5035689148736209,0.5451791243139046,-1.3960927526790026,-1.0239261130729138,0.5295397695559848,-0.602140708238418,-0.4462503424767906,-0.9605300803177337,-1.0143684908243238,0.6726315615997704,-0.39061619169207545,1.3091884592947363,0.6272802173850339,,0.427598877877286,0.13171442784684284,-1.1620820623331811,-0.1271121733166241,0.685727424715094,0.9734212055649331
34,20140902.0,-0.3038745554950618,0.3040710550350438,1.3620985077869294,-0.24316715455930096,-1.4540369532662538,0.6257638175953442,3.3362224276136905,0.035699462692325566,-0.8388351442417067,-1.313958360395944,-0.6946291802562444,1.8858843975403972,0.07101514854437092,-0.9995890863594075,0.1914178271157094,-1.3048217991615267,0.4738945713791427,-0.1478042329959526,-0.6240879850786941,-1.1087708032994024,-1.2096726169792318,-0.683301268897292,0.4111418133019819,-0.460586514274196,0.5245858856672667,0.05482614178982475,-0.2422378311409972,0.1076643447281108,-1.3369901563555837,-0.08688621771502475,-0.026638339374420134,-1.3247241697726846,1.751937006497164,-1.0699233997083395,-0.24555557832981553,,-0.8932287373647579,-0.41466113580172703,4.656209393900381,-0.6854135141795125,0.6726929842963434,1.862938825769621,-0.837121907388179,1.3680606947888447,-0.7999025197222804,-0.13305040351069694,,-0.1486625987096286,-0.108134845353028,-1.1997617496047182,-0.523948762043966,-0.003109262411168398,-0.05420160786974502,-0.18215670116480773,-0.854489136800071,,-0.593255235652416,-0.3096495541932072,-1.0714543735374669,1.9530549049456776,0.16036092812367875,0.6141575931899258,0.3697369753703084,1.4190693299931691,0.4896095816032494,-0.7587811167309649,0.11761953575831605,0.007853544883511424,0.3555415144397187,-0.3778357711696509,-0.4503577164089658,-0.3036711564063421,0.07977355497932825,1.927452622191252,0.2309809355015345,-0.8201653295623251,-0.09419568759975665,0.41517328629766004,0.17600335511756662,0.25866318521257375,0.541804577282962,0.5291393269189533,-1.361574345795519,-1.072064538839133,0.6533951882146846,-0.6267140627129253,-0.4253678707468905,-0.9482125979402292,-1.0200558355481928,0.7212570200932829,-0.3556086841105176,1.2232314435857317,0.4547981563866196,,0.30445814325772935,-0.028113477046900245,-1.152283374659317,-0.08342476119076339,0.6682407325961056,1.043219977446856
35,20141201.0,-0.27319776404392077,0.3378107061834501,1.1347743603248526,-0.39894102684578253,-1.4032584514352264,0.580081092101475,3.2164210733234606,0.0818931890972972,-0.8079155393004539,-1.2588401220710574,-0.7019052023211422,1.8578985604176148,-0.0033162022633287467,-0.9994544717262811,0.27380863934556754,-1.3405812559917,0.359617505064321,-0.07792116987025449,-0.5672945515386337,-1.1296133111987952,-1.1627451066495689,-0.695109230979254,0.4348114090092977,-0.44798821217621193,0.5703239232812408,0.05218347561950914,-0.2534693896610894,0.14311884610309203,-1.342742471125185,-0.11765702021932375,0.08810147341357827,-1.3264359859950814,1.634051157342119,-1.0475683432271023,-0.19193455330297776,,-0.8736053658945213,-0.40835153794662454,4.8328591562705645,-0.6530179032026282,0.7098898270027483,1.921457053733076,-0.8388680992406305,1.4800495290100428,-0.7535708020093357,-0.1366747435085795,,-0.13960713290191804,-0.04264100139252344,-1.1775778808649218,-0.5060273498743237,0.0256883942920229,-0.0015769824610646543,-0.17594472050054918,-0.8837886184365163,,-0.5175233917422426,-0.576646856221275,-1.0610850756322,1.9594752562535014,0.07963148351394922,0.744981039388402,0.32242807697299214,1.392029123808691,0.453005485938524,-0.8300061186304369,0.123741425610648,-0.07102093550972233,0.25441095747157627,-0.3491101928792358,-0.3898778772985949,-0.34604038141996474,0.13611414483375375,1.9042926794236594,0.2111163661422675,-0.8204498081871432,-0.2147269969943614,0.4709532028525955,0.1932257583871361,0.24390893388882998,0.5393766507197598,0.516717180948839,-1.3106392421825326,-0.9907905789885312,0.732350857371744,-0.6519589905186116,-0.4588276779389022,-0.9190727362421697,-0.9888222102665608,0.7556976288311293,-0.33670165000796604,1.231226735162358,0.2647459567626106,,0.2811089661365124,-0.21597023096700288,-1.153181275697783,-0.021669255606563208,0.6553124769741862,1.162573244779304
36,20150302.0,-0.20667376836623927,0.34058933408724446,1.2038497183390158,-0.3143412211254978,-1.3747296890631564,0.5626379774440657,3.0504454657639983,0.110883215921565,-0.7771660482980864,-1.2479158100960617,-0.7495585888368206,1.8573338597349762,-0.06639347538165988,-1.0126967477769109,0.2698578865592679,-1.351236461343791,0.31020597550812784,-0.0934812591316613,-0.5029217998703462,-1.1451212238381405,-1.1854983260660883,-0.7202242744277557,0.4931282969224251,-0.4312468222507249,0.5392876693765988,0.018642350134352257,-0.23944341176790923,0.16580377453554465,-1.3593563480929722,-0.17540252220700941,0.21608046654535784,-1.2845293644585702,1.572840059961742,-1.0136683251249272,-0.13595936564134156,,-0.899635956428314,-0.38884258665572136,4.864696242143879,-0.6767954826142445,0.7335211987707001,2.001183175170211,-0.9017004572200761,1.6240896142292143,-0.729566849845605,-0.12998078900716473,,-0.168784986820522,-0.02327349450630347,-1.1821114863852777,-0.514457094455372,-0.011531658503270146,-0.0008145661796177563,-0.14843038176691692,-0.8586157399693735,,-0.5044401904398486,-0.6387345889823651,-1.0712542958665143,1.8527131434868593,0.05729678228047053,0.8976051650274438,0.3063989338007678,1.4032647704644832,0.42141603445901,-0.8488836628160852,0.1296138318618641,-0.1258752969496568,0.1819717221125788,-0.3609465589742575,-0.28281684643108407,-0.3641282710395996,0.09314080985607745,1.8995179192008012,0.2033368713702571,-0.7985082170676276,-0.25570151785044837,0.48524729221497703,0.21425374042303963,0.14452969238010835,0.5205436779232288,0.5181682865498659,-1.2846816106384564,-0.9874398847810886,0.880791444724622,-0.6613118398960586,-0.47571038238362534,-0.9307365142062078,-0.9892202023482912,0.7951033122912551,-0.36351676684587275,1.2126062977499295,0.19297155707526648,,0.24059250815647606,-0.29360852397170634,-1.1400117762613589,-0.016291231066936734,0.6206153939023835,1.2091490938805376
37,20150601.0,-0.10644009801863925,0.32025945504104386,1.2753830379179443,-0.36234851332583284,-1.353301036832163,0.5469316981479457,2.970232504768145,0.09655912755719208,-0.7608808002440428,-1.2102280880441032,-0.7654545675061138,1.8581342471576714,-0.049749399674980044,-1.0230947895256157,0.22104124690931148,-1.3383560479473635,0.22886756970976443,-0.06421072383986519,-0.49311254788442754,-1.1199435029273734,-1.1924912047940708,-0.7318283490005304,0.4969846562795939,-0.4214061537116203,0.5071309703599468,-0.024163917043967316,-0.27176611105312243,0.21072603098801584,-1.3621341312678423,-0.23247392801933114,0.2444263484848267,-1.258342736123699,1.4602547931129914,-0.9825689160587289,-0.06000428935192442,,-0.8364199338435103,-0.37313206593587855,4.9579008868657155,-0.6729385743316826,0.7629990083799842,2.0790817073258476,-0.8580270662967823,1.72057339393249,-0.7019326598892276,-0.11418088681104258,,-0.18204264103959103,-0.05513751776900345,-1.1503722338149118,-0.5172851354123602,0.007271524453114976,0.008399221921080014,-0.10047937063478413,-0.8480172191035105,,-0.4280956670243299,-0.6473535653970015,-1.0670569227867381,1.8633767554134597,-0.03997670302275346,0.9072278917092413,0.2525889513771605,1.2708061033644846,0.37515401971080464,-0.8636584512150534,0.13845918909259397,-0.17487884715457194,0.15713222495615375,-0.3885446824062306,-0.28331335847786215,-0.3619765248414557,0.06728427566742963,1.9195300656604506,0.1944036363430097,-0.8630739979857813,-0.2652215332621501,0.535011967415664,0.26412397570419244,0.12831975654500463,0.38897884478482264,0.4473311132363888,-1.2751527932721682,-0.953081191994469,1.047443787545651,-0.6779770309147871,-0.45898510772679896,-0.8816116806050512,-0.9818352523250479,0.8027539441963344,-0.37488331692939475,1.2110354673768693,0.12338681910575981,,0.2766887164525061,-0.3964131814666647,-1.126351105565947,-0.02475933376608343,0.5905615870693973,1.1937088831779166
38,20150831.0,-0.09793364661825596,0.35867931441707873,1.30762734209529,0.39897471121114436,-1.347826313387548,0.4925807191054817,2.8838845184601936,0.24018722284395888,-0.7460925280124243,-1.209410357198436,-0.8285426189238742,1.834629085459879,-0.02858657437818059,-1.0287195848146928,0.14647467759241087,-1.3347294175476765,0.13321843283219778,-0.0859536450262407,-0.41629882362661835,-1.1277940482209177,-1.224337257832944,-0.6925369319885912,0.4175976243975706,-0.4927688978192184,0.4214215177002198,-0.11572447879265124,-0.2532119840123872,0.20368006630301821,-1.3798750863136886,-0.267348581064135,0.23661967280608331,-1.2619303511405495,1.4208954868163286,-0.928623202333707,-0.05662010384217293,,-0.7450858118239149,-0.4723298815128177,5.041016487073779,-0.7079644058392941,0.7199666466530216,1.9429773771224301,-0.8810380249275395,1.7511977497434459,-0.6902348320243318,-0.15849475625100135,1.3873687299698318,-0.2645710016043731,-0.05568290285093846,-1.1391439098963743,-0.5410498270821952,0.01507366452173433,-0.0732601592105112,-0.14790855801701333,-0.8733715269148264,,-0.4290461060405388,-0.7570779951870154,-1.1020164493656257,1.789863405698769,-0.1534810314090552,0.9132335865658309,0.23748576495641352,0.9940064099474278,0.294281263418742,-0.8813458359803535,0.05727415948077571,-0.25126941974209577,0.21421847327241428,-0.4369259935259906,-0.23887210853558044,-0.4242296281030328,0.029457973802541507,1.9155688724690634,0.15222020601568345,-0.9575230302627253,-0.33619278466303243,0.5240853255054717,0.25107642614116676,0.05704733507120811,0.3770064199882586,0.3896477235673116,-1.262594114041497,-0.9939121767761897,1.2667777608046704,-0.7152881723001884,-0.5631894768497216,-0.8815999821669165,-0.9616835186363331,0.7965213088620916,-0.39329179195272174,1.1685299821775403,-0.006570118358273253,0.4898675964170519,0.21141875246849173,-0.5238244609824525,-1.1617537704212713,-0.04316520395505384,0.4895224433445,1.176670963005151
39,20151130.0,-0.04914595233660892,0.38271868964397915,1.2814441130787737,0.3905173186201634,-1.3556597459546875,0.4435002920028661,2.7844657154354846,0.18823314068633354,-0.7102430456991877,-1.1111700858083495,-0.7731304226869404,1.804600592194689,-0.00469031988846261,-1.0471455302023138,0.10335720465373718,-1.3356140953024846,0.0013354983746831208,-0.08817229869142301,-0.3607546049425671,-1.1627108385677671,-1.2427548302046587,-0.6746397103095809,0.28937121755937795,-0.5076253077365339,0.36005746435423586,-0.16670218126017006,-0.2857772854447246,0.14364483955125268,-1.4076154615194878,-0.32371544936321894,0.5211378188283574,-1.2256525359123165,1.4060349634132585,-0.8669407275205184,0.0339098560632799,,-0.599920575350212,-0.46206731961957914,5.135398327784481,-0.7575773051351876,0.3979879858599364,1.7824790500738317,-0.9091103416411843,1.8491799232427508,-0.6575141098380929,-0.15950573403625407,1.433669390582289,-0.28696646282730603,0.008774720951360386,-1.1278040203556983,-0.5354952862604353,0.07129250654347885,-0.08702594700315405,-0.1590115479853094,-0.9091541384221465,,-0.3524552222244185,-0.7771213243949816,-1.1120303809970618,1.8239331278107584,-0.23675583962668478,0.9637109469512937,0.18930541284709218,0.9549535246629611,0.3168188727652132,-0.9031276363124694,0.019199971964790417,-0.3353746042902277,0.21787610537367935,-0.4723682701046207,-0.13207909686647387,-0.429180050641394,0.211621159993982,1.9230635081891883,0.17440270726121104,-0.9788201487118414,-0.3318887496653821,0.562977062652342,0.30089251510573006,0.03693828758651464,0.36825452801861425,0.348482388741547,-1.2308801490320804,-0.9800061267439564,1.3693491190923341,-0.7619462673962282,-0.580275920335033,-0.8468387999225233,-0.9724495875139618,0.867973880483449,-0.347220299204968,1.1120315130099776,-0.06131073101362418,0.5051636632390091,0.24575757573982687,-0.5779730896857912,-1.1584046595761934,-0.06381104735402064,0.4562686483367469,1.2112460701156003
40,20160229.0,-0.03663779244843843,0.40520421258613504,1.341824758052373,0.3494790400246857,-1.348106279759776,0.46641779715330356,2.7434396920920174,0.17874010385622668,-0.6491897692634292,-1.1133682785398766,-0.8302327148028006,1.800757566976791,-0.04899656079064424,-1.1009864201194366,0.004717395214917877,-1.3545334041899826,-0.03275316998438656,-0.03858658941826344,-0.21533726259853883,-1.2073885557583581,-1.2842633240742787,-0.7073354123845456,0.23535837761556783,-0.5235463219800928,0.3000398935639088,-0.07522276088426763,-0.28189258917889287,0.11986477791211508,-1.4361109637401457,-0.34214483957835296,0.6069653136053613,-1.2556927084527327,1.4508147250275878,-0.76913479237393,0.06367919231376014,,-0.5259847877899183,-0.5038852416270412,5.082069950335477,-0.7403599979988921,0.41621846484832337,1.8468391678397627,-0.9448653393266025,1.7738240526493008,-0.6396233384376047,-0.1292659324530234,1.6286731483235057,-0.2908132208982461,0.004241256700802125,-1.1399654863629844,-0.5250740693533952,0.07377851584543217,-0.08170568650364006,-0.18375108024237233,-0.915831119529924,,-0.3165117909272323,-0.7973844319854744,-1.1138021045686677,1.4884214861140301,-0.20887776227447094,0.9634606869017516,0.17662790730913902,0.9661762834076497,0.37127592148735516,-0.9538680518769866,-0.017715561501424292,-0.3287673831377517,0.19735879175655088,-0.5214867564398729,0.24678687581076425,-0.4304286094726205,0.3221295525124643,1.957546419063706,0.19045104359505569,-1.01735592246494,-0.4001581564276903,0.5770813647464287,0.27038252621812847,0.019477667624479472,0.4109038603000312,0.3833681288149671,-1.2360217260995217,-0.9969429302686977,1.4100004528374686,-0.7883238238389482,-0.6376931621431785,-0.7009380097897165,-0.9687477577196952,0.9358983619403042,-0.40526592255320465,0.9673052703486648,-0.10277583513553872,0.3137080342762796,0.30533211216517986,-0.6167307237011926,-1.16559977095027,-0.07532669306466681,0.3814080741083905,1.3252604733104427
41,20160531.0,0.023177799232894876,0.4468774988768542,1.381572494237579,0.2609107753938691,-1.3898003558268643,0.500368996373741,2.648012031363855,0.16909169134978222,-0.6726088748193461,-0.9873473254838938,-0.8165725908490985,1.8688839917543556,-0.09698955558932833,-1.1157525888392756,0.023729787328343077,-1.3498367319013787,-0.03689128173223765,-0.07514469245712743,-0.19349736740539478,-1.2354661812689882,-1.2709584667636826,-0.7021178968406327,0.24143223728258278,-0.5239942755161804,0.28338703757839767,-0.06698063637774883,-0.28588467399632256,0.09603314491213642,-1.4391145289582163,-0.3823009460418907,0.5692641023485228,-1.2539035291509355,1.5344987476691936,-0.6984354765654881,0.09210907113174902,,-0.4566678125579208,-0.510512920726442,5.166018784626664,-0.7744064798110586,0.412132607130981,1.77560175642984,-0.942095164694269,1.729340145413478,-0.6041058352847054,-0.0907454804488035,1.235573032349575,-0.31370592451107016,-0.0023100801542986433,-1.1363386047946376,-0.5418329074738872,0.07454153341774918,-0.08041865843722891,-0.19264701250097363,-0.9104862854820797,,-0.2946251781275434,-0.7982795036240955,-1.117020820980221,1.4425935860124288,-0.20502633657330674,1.0339116630710565,0.10864520904333014,0.9904108489858487,0.3774647133505369,-0.9729579509938039,-0.026114557123334645,-0.319600730079615,0.22114280056750138,-0.5569891932639952,0.4236181876654576,-0.5085460214614236,0.28942346375972117,2.0486732880757517,0.2270502119330127,-1.0278331716418783,-0.43198181736389657,0.6180864134783678,0.2674390643520456,0.015625708685958563,0.46435031121452314,0.38310639524669254,-1.2127797001561853,-0.9888902848094965,1.3849852226339132,-0.7733173646005008,-0.6657350199630527,-0.6391000546469281,-0.959846234819347,1.0145615125087175,-0.3981028376483363,0.9810542239530448,-0.08330561683476745,0.05631641908709268,0.3328655762560338,-0.5916331266298764,-1.1652275615756837,-0.09561618962651347,0.3652865641674771,1.4032317655545419
42,20160831.0,0.09734186261242404,0.517726918262721,1.395314599328091,0.28362012361683164,-1.3441959464146356,0.5034063249853304,2.690029387028469,0.10197279141111047,-0.6798466573865466,-0.9351803496606085,-0.8360222696097729,1.4804443815257744,-0.15585829714195687,-1.0719029265077558,-0.1217442798799627,-1.2630443471448134,-0.1601151371225009,0.006659442284595394,-0.16912361003255777,-1.1787377150900442,-1.2263848802826165,-0.572457688855389,0.1431031437251738,-0.5806308699516683,-0.007840612810276263,-0.08892346821988475,-0.32385515321048236,0.017553978910800884,-1.404214754956012,-0.40639392533292606,0.6587418223520222,-1.1557523409297177,1.3630855936598014,-0.5774730697411535,0.2108463446490651,,-0.37857269760810397,-0.5163914385508006,5.38960059979945,-0.8198808962165159,0.40138311940601007,1.7336685760610617,-0.896746172609103,1.6706878167787678,-0.5555750756998534,-0.05562113890681469,1.1624769027993958,-0.43820972592029134,-0.056662799294374885,-1.0921751954617422,-0.5772828852400409,0.13461318762913813,-0.08731106759461649,-0.24173376267811914,-0.9311588761180679,,-0.014749816361249793,-0.7877652701996423,-1.0570205540627575,1.3207247008132743,-0.2153026979622697,1.171835599901326,0.03349625291512594,1.0385017616153696,0.3443525884901125,-0.9648587944174011,0.0028208568047188316,-0.47103817213097615,0.23922472913222473,-0.6363220966510206,0.5898028595045726,-0.6100370238206444,0.3283373941605783,1.939081423072349,0.22317422026604325,-1.0278527651959743,-0.4567313093994293,0.5951641826640232,0.3658800262071002,-0.10768271870120072,0.49264249584748854,0.293836255550554,-1.1345835494477334,-0.9360240986640898,1.6357693189429325,-0.8575258627858576,-0.7147600614853071,-0.4689154877161904,-0.9186108012861411,1.1526112625217206,-0.3328939485030631,0.9959022521748802,-0.12321247412713673,-0.022995578879221247,0.3702807070988285,-0.7103155793094987,-1.1081156983908538,-0.12792891472961845,0.09211523363101448,1.5244322682667266
43,20161130.0,0.17890989033761828,0.6162512439583925,1.405346413112904,0.34273743200140167,-1.3464844234886661,0.24809945401899616,2.8637553567723555,0.15609427154303215,-0.6894401184687038,-0.8699899762301888,-0.7936060083101222,1.176859427671349,-0.14311789534402083,-1.0083715924728354,-0.11110579461399835,-1.2126624746021912,-0.3542514194146235,0.054316536304240146,-0.1933952394650627,-1.135207819362507,-1.2127429538333538,-0.5015476514695317,0.1349939529421509,-0.5624153576656099,-0.0991202847072671,-0.1324598446298516,-0.48882776909067394,-0.06421126308897247,-1.4052262304852887,-0.4780202875679133,0.8430452916609773,-1.1449873649813276,1.0337837240673982,-0.4509145806898717,0.39783274542436997,,-0.1891303269287008,-0.49856385933633574,5.258264847206246,-1.0170227122297153,0.4128627622717354,1.791599578798302,-0.8672378671824102,1.7874944350364173,-0.530956844927367,-0.10023196932766106,1.3130870532238663,-0.586450863924111,-0.0467689959052267,-0.999749155380031,-0.6930053965068931,0.13853151352505147,-0.21091636646001985,-0.2916526224974202,-0.8735154121469831,,0.19986587704709982,-0.603137068899363,-0.968727669321033,1.6955678069695526,-0.2174534300466092,1.274860479636381,-0.017206457429286712,1.0433772407797945,0.29626365863174375,-0.9084310366208861,0.023256331139919876,-0.6927552343138721,0.2681915104652705,-0.7838398086103283,0.8654790121155934,-0.49524437367471336,0.35117091328931543,1.455104961082873,0.3228137674476923,-1.0849996770307255,-0.5635229269078591,0.6225856842872132,0.4390761901135883,-0.23909563209294515,0.31374562979905773,0.09069382030861275,-1.0319579454870564,-0.9196047428947778,1.8112257151349571,-0.9803894546358413,-0.7355829559629028,-0.2853821379959116,-0.9586051210160168,1.083820812995633,-0.31007686009624325,1.0967281489539464,-0.2972953195036861,0.10085405286123245,0.3003287166995596,-0.8010827777186668,-1.1107440784912632,-0.1126433203425209,0.11268750341791059,1.4995230087742193
44,20170228.0,0.19127449842555128,0.6528954439541678,1.395439374057994,0.2889556988051773,-1.3509947692585835,0.1114363131788811,2.8929750807382306,0.1325068626860983,-0.692130803044668,-0.8428609447885115,-0.7802512709804915,1.0439117854768758,-0.15509105001797963,-0.9700166292801272,-0.11495210758630474,-1.2089280109582503,-0.407437054161739,0.054140222037093066,-0.2236378644108714,-1.112668058847168,-1.2073796764297564,-0.44838705004680307,0.13035660885972747,-0.5778299332309217,-0.1503841710146739,-0.10992868750033488,-0.5360814787160193,-0.1769385537449674,-1.423418009203685,-0.5184314553320036,0.8499885608858812,-1.1571374217115695,0.8256121901341403,-0.3995238083204494,0.47281076208810247,,-0.13797980852288805,-0.5676543168947836,5.12100578172032,-1.066236117260941,0.4056124013117714,1.7395524395798652,-0.8733005629465087,1.8387523078022705,-0.5314081024221539,-0.08144875087056626,1.1320648587336042,-0.6328899155986507,0.02019261419032483,-1.0217238515322038,-0.7467799030122649,0.08458088019784968,-0.22346180135789068,-0.30754110130520057,-0.8685448112715389,,0.3959990858888751,-0.6210104669334069,-0.9522616734105072,1.9316973733508271,-0.24382374576583563,1.221622119133869,0.03462143332050329,1.0675550204815174,0.2650838952029519,-0.9124030629584706,0.048072068937371114,-0.7441122379252711,0.2743736261387878,-0.826514666652243,0.9723542546649995,-0.49563318763671743,0.5744183588545878,1.242177679618851,0.3377452313157486,-1.0385789862577424,-0.6165406031248697,0.7019095650409584,0.4141796551181532,-0.32374779376279983,0.20595744606710037,0.053948061153460625,-1.0221871730560634,-0.9332137361341851,1.9393200811338995,-1.0619579213732686,-0.8051062279891869,-0.16350275884219026,-0.9544257960659437,1.0520075249964127,-0.28496600199321476,1.1487616525534066,-0.3212703637554299,0.2843457074990075,0.6655912384558648,-0.7695146458192871,-1.052246635006332,-0.14882753723841324,0.15531654694664374,1.5441007625451129
45,20170531.0,0.20099333802767852,0.5523168911909767,1.2896042499842093,0.24113064330620515,-1.3321615542529561,-0.0178349284644628,2.7809588651196515,0.12863667793951677,-0.6750306966021665,-0.8733195559181537,-0.7775437478043636,0.9599447497081977,-0.17468077225465375,-0.9495017277262646,-0.15539268369119952,-1.2204191872278454,-0.4294763587574616,0.07600670256339886,-0.19506665307650878,-1.1132421674152244,-1.2198508191847512,-0.42974949480513874,0.09412504897726999,-0.5924469498892871,-0.1981810299444747,-0.1205973997922369,-0.5611044171504237,-0.17733675168955598,-1.4276759444934028,-0.5061648079858961,0.8127737657624132,-1.159424149334452,0.750276949439634,-0.37033060746417745,0.5514722492643397,,-0.06271520085149176,-0.5888939894353189,5.11937240036674,-1.0756211654902197,0.3999181078349476,1.6925190775956542,-0.8555642996363995,1.8271841300898195,-0.49719103557229927,-0.10849725913161644,1.0170555195163207,-0.6766978791113945,0.06916581322467727,-0.9924198296139072,-0.7921827196661613,0.10773733952535965,-0.24007487091893698,-0.3100754145429451,-0.8308398435325719,,0.4644783684987846,-0.5852342838632477,-0.9299676450365212,2.2183424773187963,-0.22977412826848617,1.185528720698475,-0.04659276251058673,0.996958217880259,0.29373886642029423,-0.899254036705241,0.04057446229389805,-0.7464976573912461,0.2914377681173189,-0.8331635347488571,1.123047035602451,-0.4921845501157175,0.5848713655486847,1.1694550326001334,0.35936054547524227,-1.0271778511860896,-0.6338044494778738,0.732681481314962,0.4178111585356459,-0.313905252561093,0.1749464134203676,0.03644651189939337,-1.0126719574067737,-0.8946001561801474,2.0513329252384733,-1.0934116294771759,-0.8349287370716014,-0.11041973525933212,-0.9007522406161066,1.1513654927577412,-0.32445286397489687,1.186576984548222,-0.29481565731553544,0.10034950888638496,0.6698758312551243,-0.7186958185507557,-1.0052984701235497,-0.08090624343329823,0.18123243059668082,1.6142114553580464
46,20170831.0,0.22110867537357046,0.6369454322343461,1.353253936247383,0.25322152340006604,-1.3301868405884663,-0.11481886493899214,2.529851895435915,0.18002980119379117,-0.6848776157422131,-0.8393195220113776,-0.7589372014032517,0.8662055197408411,-0.22269814555434408,-0.8738297263743894,-0.18660606863844129,-1.2600086569436504,-0.4336932119988689,0.07982637558851183,-0.17240729965388513,-1.0781406007574235,-1.2575757218148251,-0.4234218404423501,-0.017689983184782012,-0.6065937145826691,-0.2244740082051037,-0.04160694298092785,-0.5242211377529657,-0.1606400475555996,-1.439677633060331,-0.4801032242105314,0.8155126445955637,-1.1477548414455445,0.6220835288471428,-0.30744192585363334,0.6058433302513823,,-0.02609527668970137,-0.5958723010432784,5.1026582090445025,-1.0742843499945232,0.3827071107341003,1.6161574287420046,-0.8606492812635973,1.9229722642068134,-0.5006987591773988,-0.09429740800092448,1.0253265777500438,-0.7941621954865814,0.13414050604031774,-0.8732858910437853,-0.8603373776653362,0.05219553016309422,-0.3310309544329094,-0.3737876342552308,-0.7122140501379958,,0.5145987979790313,-0.5839937799198289,-0.9190826566417216,2.41535256262225,-0.2690287905382664,1.2625564790813555,-0.1422361183341674,0.8134965400449641,0.2893490340175306,-0.9028913629960718,0.005231470259311523,-0.7719965836271525,0.28651165518963373,-0.8840435305035133,1.245011879154384,-0.4962427931662152,0.6134061604452666,1.0315377153142993,0.2232083996372898,-1.0277643282456614,-0.6231248711805525,0.8409082727530252,0.3760453239480102,-0.2983643466045806,0.16976247077368287,0.038172168606827504,-1.027297634531546,-0.8780507054372999,2.2343308718512773,-1.1631841645502714,-0.8361109971358068,-0.05344961258461724,-0.7338084956698145,1.1884117928533213,-0.30067679374325856,1.2089907181186779,-0.3283829084400479,0.02401124902016992,0.7800094197882806,-0.6272616753848227,-1.0149817632979041,-0.10474912093237165,0.20174384076151114,1.5074761765418103
47,20171130.0,0.22803330966575677,0.5814441759864248,1.4782332821343334,0.2254834823227676,-1.3403872804595864,-0.15347456354557873,2.0864976280198677,0.15167095190202978,-0.721977150449403,-0.7172548670483834,-0.7770904565456204,0.7861576559213315,-0.22034432249120692,-0.8769823111190129,-0.18999520801500405,-1.2841762597688928,-0.4659274105967367,0.07519092062060337,-0.18776357296322796,-1.017782009281389,-1.3162673037945674,-0.37051607436704054,-0.03822095042615233,-0.6636946868754355,-0.22199465367865318,-0.03388667122543081,-0.5609201679892132,-0.12776974890296128,-1.4645120855056437,-0.4106376699487882,0.8922347646240918,-1.1729253911831166,0.5483551337383794,-0.32738379472147433,0.6575431088929092,-0.5223375258111123,-0.081325049810135,-0.5704656916092123,4.993563105899635,-1.088896700173344,0.5484634231752249,1.6380996198891271,-0.9218072644187768,1.9743039007560692,-0.4596218495045022,-0.0605836893158784,1.1011513355709819,-0.8512760703847518,0.1355054511924297,-0.9144380090966908,-0.8797546200443996,-0.010166739639605774,-0.34351488360547106,-0.4512426829656019,-0.7291133897739207,,0.5924892426295688,-0.4163037470742348,-0.9242815713567583,2.538232124608132,-0.3085142706777007,1.1930474669236888,-0.255841093472077,0.8961676922733453,0.24841779004529374,-0.9511353265412548,-0.017675790077257635,-0.8012065935220845,0.31458305399007414,-0.9359020022190584,1.3413761827578956,-0.4678536542999258,0.821939243923203,0.9638836159908197,0.19936177903646782,-1.0612692720393015,-0.4651651993125956,0.9679273386437576,0.4929968082206731,-0.2812365459557843,0.1252686399530392,0.04735981548796905,-1.05844806729384,-0.8185701070455282,2.366566872276229,-1.1491977141917211,-0.8123432371700684,-0.04190360772689996,-0.7601311393954108,1.2459427880382379,-0.3145190441003106,1.2609454932215867,-0.35615831784444835,-0.06547449372028312,0.8372706817734368,-0.5666449947446621,-1.0197615886079747,-0.08810160929771864,0.3787305694266011,1.5496293152108886
48,20180228.0,0.268966836712313,0.34438391280056146,1.4788364680537516,0.2206856969852054,-1.338784813438694,-0.18361537717960488,2.050571057665922,0.16200683855778297,-0.7383500029918132,-0.6550131708761716,-0.8057672225790606,0.684801468114459,-0.23852259876530207,-0.9125294429009163,-0.19868864524628885,-1.3704543703717469,-0.41906079008872504,0.19958370497936817,-0.15032384182308844,-1.031501892477067,-1.440850106843408,-0.3993957147748605,-0.01575146215058893,-0.711719728612217,-0.23597726687812726,0.04185878226340986,-0.5386848715031962,-0.13839195909627497,-1.545982654725044,-0.32847170266493997,1.056202914397383,-1.2287638288955727,0.4720321067414237,-0.34269945835243293,0.6847999243548135,0.20699471849551498,-0.09002721533955518,-0.621300301427615,4.285616855192876,-1.1084086423337023,0.5943203552834044,1.6981847256017906,-0.9531057207962602,2.052773441436716,-0.46651053111987373,0.01847982875020613,1.182738185424855,-0.9159634000667773,0.15550435026642148,-0.9575207703570682,-0.9033502684576664,0.04488022572887123,-0.3661391551042253,-0.534410744326831,-0.8223256995377991,,0.6549687065697288,-0.3471447911529679,-0.9528762185021256,2.7854602909626345,-0.28968992891607215,1.3168762656824415,-0.3503220388650335,0.9006475652946652,0.28660727265108077,-1.0251540168807596,0.03389681404112182,-0.8712668434490843,0.33784669857353167,-1.0006825749920212,1.4332589057668899,-0.49911738464260247,0.8850803831967887,0.8647898616432486,0.19226194940170718,-1.0584113306408454,-0.4064314306723822,0.9199103962438776,0.5560888938868239,-0.35204657005621903,0.09029170484011693,0.047696568202620485,-1.1319778991651794,-0.8097249460758043,2.5451848107263433,-1.20915243643977,-0.8482627894445324,-0.09420359359750992,-0.7947165834521659,1.3019460787294734,-0.3059770548361905,1.2851405144914476,-0.42171173761145203,-0.14626153606831538,0.9439320851719961,-0.5710509056308424,-1.084885425013479,-0.09531679268951643,0.45871012711992853,1.6299299098938413
49,20180531.0,0.29700942332524527,0.2741286342228009,1.5003785542197097,0.2541622409398471,-1.3357008612218115,-0.18839978312210448,2.071162414278828,0.2092790159175122,-0.7088448921574325,-0.6488147778174558,-0.8912066953584523,0.6627230855475958,-0.2633178878986877,-0.9430454069034189,-0.255525822558807,-1.5007641733270454,-0.3813459500739771,0.32699914121923723,-0.1277627593748356,-1.065989498457113,-1.5729581709035163,-0.4497626759555645,-0.1658141953394132,-0.7077705671619756,-0.23941247095068635,0.14257714088350154,-0.5955504588172764,-0.17999958510891417,-1.6025536532282612,-0.2769698763107827,1.1947352645849714,-1.1931766150366812,0.4364897624127786,-0.3739800702324409,0.5981409630338341,0.48642339759161635,-0.11382439672689404,-0.6289953818373573,4.070949674381803,-1.0251228976824132,0.6692980211757334,1.6596874011932707,-0.68068206635784,2.0317902310636673,-0.49653189006147824,-0.001479241467568691,1.1699255966110993,-0.9709206030681085,0.05638556279477661,-0.8878008231142615,-0.9280581694598669,0.11496303798123428,-0.40526629046451723,-0.4900248091861075,-0.842766791213055,,0.6420745360583651,-0.2539875040724992,-1.015758445135045,2.9536679233177803,-0.25376392637058826,1.244744525728017,-0.369135353855836,0.8510639467862001,0.3834069924112564,-0.9371258688170765,0.178771908433424,-0.8493539850099637,0.40938137740009006,-1.0272212631795792,1.4987084215940316,-0.5369110570222914,0.9790765852749052,0.8455802921887896,0.20017966520335695,-1.03023111651708,-0.23661904716958707,0.9944774982222399,0.5433486526261228,-0.37339495361146996,0.07369400486968347,0.014996234876180714,-1.1858985328753,-0.8336157091937183,2.5003865693205967,-1.2373986634989451,-0.8634103831767674,-0.14569814480755858,-0.7990270235138722,1.3124167502714061,-0.33200103350694976,1.1306130352265569,-0.3828337403638099,-0.1301986218034445,0.9762711280516674,-0.5949547334322477,-1.131381540766031,-0.24351424473628316,0.3918282378777277,1.551678251274667
50,20180831.0,0.1252186448201717,0.24845642672418322,1.5215626952636185,0.2371697964433846,-1.327001887691414,-0.18067515650100782,1.6960113030698853,0.27364994649994423,-0.6782720588588493,-0.5301601678106151,-0.9008289341756299,0.659866893386264,-0.31778438962580446,-0.9586244777828712,-0.3341502636214908,-1.5116389502508614,-0.39328103793709224,0.39982919338246853,-0.07483815272777865,-0.9592219928654413,-1.5987170173870011,-0.43768781225271985,-0.16645651615120133,-0.7732066503335315,-0.23140176392841108,0.14605030351056797,-0.6251887001860943,-0.21017957114495586,-1.5624476819612225,-0.24467592714395545,1.198972161092217,-1.1433661058529172,0.40645174324424166,-0.4017424749275934,0.40679564006815705,0.3448949262077519,-0.11096599575251055,-0.6326836740343822,4.085703271107036,-0.9932260494905991,0.7055940961666081,1.4835102812538639,-0.6286820034511268,2.1625301978437266,-0.4786035843368274,0.004463411900095077,1.1326236830946588,-0.9783973781737898,0.16794188528288775,-0.845899205358573,-0.932199114875973,0.13194432731686007,-0.39367139052949784,-0.5824099489107192,-0.8468873389620184,,0.638819575864595,-0.12061337571454314,-1.0397379663429853,3.0385330505371373,-0.2962733387590954,1.2205458830373659,-0.35138228605895105,0.8796203656628501,0.4906536753099685,-0.9403703829154261,0.12388098021069885,-0.8350766415023645,0.42482460773328884,-1.0369279106336982,1.6082402744916662,-0.6298270355485132,1.0401881670039184,0.7800807498476259,0.1881250645855628,-0.9877717640947038,-0.1031823055069845,1.0451402461094952,0.6128797618777209,-0.41286012168471165,0.03166931573085269,-0.05988832288289817,-1.1705082793947468,-0.8356490149684542,2.719144121589769,-1.2464402332549254,-0.8054876371467536,-0.191645964064849,-0.761608898866443,1.3038614499473897,-0.3562853441714458,0.9468461611430824,-0.4044562474261799,-0.050408674380603834,0.9857842429424631,-0.6624743649775237,-1.1480881633732187,-0.20191899946646963,0.4455250683617006,1.5704530584652354
51,20181130.0,0.12100567155141069,0.27105003572938524,1.5831595614391207,0.23644808103120032,-1.3530347166979648,-0.28351598088706553,1.4814606150502325,0.16527253737828565,-0.6951638266293796,-0.5728611843265771,-0.9087729562941914,0.5833557562201485,-0.3742005685892443,-1.0196477943128914,-0.2981078321929483,-1.4464710372803016,-0.4317119646612681,0.4344534672340542,-0.07041474705432561,-0.924014283029545,-1.626383034291217,-0.48891356916280065,-0.25488788728517564,-0.7536964211565441,-0.08327817854654561,0.13741182305419394,-0.6737617426764184,-0.23298594675071999,-1.5547326616689485,-0.2257576013890987,1.1570264790506577,-1.106693314247411,0.3336998054020058,-0.46257556314408477,0.3170982492595755,0.4580938862894212,-0.12105353088791455,-0.6705928602068332,3.9896003065748014,-0.9310366687150331,0.8627742786607895,1.601235069346341,-0.670130925858222,2.1343478720636937,-0.4570962545039931,0.014290831894512628,1.3001998406285018,-1.0504898744921423,0.15482156788310894,-0.7705675005424352,-0.9086817221327876,0.2111874381691147,-0.405270188703086,-0.6070729588326291,-0.8336975569929366,0.9832943186152386,0.5784742513499754,-0.08088556017163358,-1.1236975284227322,3.4554943649810825,-0.36018584266786563,1.0840647029738415,-0.35010580779059647,0.7684142156117321,0.5920495719898137,-0.954626712341203,0.05314318305511166,-0.8745288785553285,0.3161167018444443,-1.064164726637257,1.5923214685343874,-0.6958437623444995,1.0348315756132238,0.7244705012022916,0.13218027144374764,-0.9671777091831328,0.26001981484354636,1.0103253364517641,0.49325508784835287,-0.522084730500243,0.04727739973493085,-0.08009738029732859,-1.1998346920639376,-0.8333347302000469,2.412106958479473,-1.2854682588411361,-0.8003772651460132,-0.2980388671797113,-0.7125756027469103,1.1861818361128573,-0.3781018835218277,0.996183981688665,-0.40261765535927097,-0.00966641995597634,0.9488307481312974,-0.7202410053243563,-1.079687835013153,-0.019545635080866538,0.29672459344043806,1.5664072856309712
